caldt,vwretd,spindx,sprtrn
20090601,0.025957,942.87,0.025818
20090602,0.001893,944.74,0.001983
20090603,-0.013036,931.76,-0.013739
20090604,0.011331,942.46,0.011484
20090605,-0.002298,940.09,-0.002515
20090608,-0.000884,939.14,-0.001011
20090609,0.003606,942.43,0.003503
20090610,-0.003454,939.15,-0.003480
20090611,0.005926,944.89,0.006112
20090612,0.001513,946.21,0.001397
20090615,-0.023676,923.72,-0.023769
20090616,-0.012557,911.97,-0.012720
20090617,-0.001058,910.71,-0.001382
20090618,0.008390,918.37,0.008411
20090619,0.003153,921.23,0.003114
20090622,-0.029761,893.04,-0.030600
20090623,0.002037,895.10,0.002307
20090624,0.006795,900.94,0.006524
20090625,0.021370,920.26,0.021444
20090626,-0.001578,918.90,-0.001478
20090629,0.008951,927.23,0.009065
20090630,-0.008363,919.32,-0.008531
20090701,0.004366,923.33,0.004362
20090702,-0.028866,896.42,-0.029145
20090706,0.002452,898.72,0.002566
20090707,-0.019498,881.03,-0.019684
20090708,-0.000849,879.56,-0.001669
20090709,0.003317,882.68,0.003547
20090710,-0.004008,879.13,-0.004022
20090713,0.024724,901.05,0.024934
20090714,0.005305,905.84,0.005316
20090715,0.029502,932.68,0.029630
20090716,0.008569,940.74,0.008642
20090717,-0.000444,940.38,-0.000383
20090720,0.011461,951.13,0.011432
20090721,0.003641,954.58,0.003627
20090722,-0.000315,954.07,-0.000534
20090723,0.022961,976.29,0.023290
20090724,0.002755,979.26,0.003042
20090727,0.002713,982.18,0.002982
20090728,-0.002438,979.62,-0.002606
20090729,-0.004232,975.15,-0.004563
20090730,0.011931,986.75,0.011896
20090731,0.000594,987.48,0.000740
20090803,0.015215,1002.63,0.015342
20090804,0.002984,1005.65,0.003012
20090805,-0.002714,1002.72,-0.002914
20090806,-0.005597,997.08,-0.005625
20090807,0.013266,1010.48,0.013439
20090810,-0.003304,1007.10,-0.003345
20090811,-0.011987,994.35,-0.012660
20090812,0.011798,1005.81,0.011525
20090813,0.007025,1012.73,0.006880
20090814,-0.008445,1004.09,-0.008531
20090817,-0.023926,979.73,-0.024261
20090818,0.010187,989.67,0.010146
20090819,0.007059,996.46,0.006861
20090820,0.010558,1007.37,0.010949
20090821,0.018416,1026.13,0.018623
20090824,-0.000583,1025.57,-0.000546
20090825,0.002407,1028.00,0.002369
20090826,0.000290,1028.12,0.000117
20090827,0.002485,1030.98,0.002782
20090828,-0.001989,1028.93,-0.001988
20090831,-0.007871,1020.62,-0.008076
20090901,-0.021739,998.04,-0.022124
20090902,-0.003071,994.75,-0.003296
20090903,0.008764,1003.24,0.008535
20090904,0.012966,1016.40,0.013118
20090908,0.008913,1025.39,0.008845
20090909,0.007755,1033.37,0.007782
20090910,0.010279,1044.14,0.010422
20090911,-0.001161,1042.73,-0.001350
20090914,0.006243,1049.34,0.006339
20090915,0.003038,1052.63,0.003135
20090916,0.015149,1068.76,0.015324
20090917,-0.002853,1065.49,-0.003060
20090918,0.002624,1068.30,0.002637
20090921,-0.003233,1064.66,-0.003407
20090922,0.006615,1071.66,0.006575
20090923,-0.010070,1060.87,-0.010068
20090924,-0.009156,1050.78,-0.009511
20090925,-0.006292,1044.38,-0.006091
20090928,0.017753,1062.98,0.017810
20090929,-0.002220,1060.61,-0.002230
20090930,-0.003401,1057.08,-0.003328
20091001,-0.025416,1029.85,-0.025760
20091002,-0.004416,1025.21,-0.004506
20091005,0.014663,1040.46,0.014875
20091006,0.013690,1054.72,0.013705
20091007,0.003153,1057.58,0.002712
20091008,0.007512,1065.48,0.007470
20091009,0.005545,1071.49,0.005641
20091012,0.004357,1076.19,0.004386
20091013,-0.002409,1073.19,-0.002788
20091014,0.017430,1092.02,0.017546
20091015,0.003971,1096.56,0.004157
20091016,-0.007959,1087.68,-0.008098
20091019,0.009393,1097.91,0.009405
20091020,-0.006263,1091.06,-0.006239
20091021,-0.008705,1081.40,-0.008854
20091022,0.010584,1092.91,0.010644
20091023,-0.011542,1079.60,-0.012179
20091026,-0.011538,1066.95,-0.011717
20091027,-0.003531,1063.41,-0.003318
20091028,-0.019478,1042.63,-0.019541
20091029,0.022410,1066.11,0.022520
20091030,-0.027945,1036.19,-0.028065
20091102,0.006402,1042.88,0.006456
20091103,0.002456,1045.41,0.002426
20091104,0.001330,1046.50,0.001043
20091105,0.019499,1066.63,0.019236
20091106,0.002607,1069.30,0.002503
20091109,0.022363,1093.08,0.022239
20091110,0.000229,1093.01,-0.000064
20091111,0.005054,1098.51,0.005032
20091112,-0.009921,1087.24,-0.010259
20091113,0.005801,1093.48,0.005739
20091116,0.014478,1109.30,0.014468
20091117,0.001241,1110.32,0.000919
20091118,-0.000216,1109.80,-0.000468
20091119,-0.013166,1094.90,-0.013426
20091120,-0.003328,1091.38,-0.003215
20091123,0.013635,1106.24,0.013616
20091124,-0.000588,1105.65,-0.000533
20091125,0.004628,1110.63,0.004504
20091127,-0.016980,1091.49,-0.017233
20091130,0.003926,1095.63,0.003793
20091201,0.012002,1108.86,0.012075
20091202,0.000517,1109.24,0.000343
20091203,-0.008319,1099.92,-0.008402
20091204,0.005461,1105.98,0.005509
20091207,-0.002519,1103.25,-0.002468
20091208,-0.010203,1091.94,-0.010252
20091209,0.003660,1095.95,0.003672
20091210,0.006023,1102.35,0.005840
20091211,0.003802,1106.41,0.003683
20091214,0.006696,1114.11,0.006959
20091215,-0.005645,1107.93,-0.005547
20091216,0.000944,1109.18,0.001128
20091217,-0.011886,1096.08,-0.011811
20091218,0.006278,1102.47,0.005830
20091221,0.010349,1114.05,0.010504
20091222,0.003565,1118.02,0.003564
20091223,0.002687,1120.59,0.002299
20091224,0.005245,1126.48,0.005256
20091228,0.001421,1127.78,0.001154
20091229,-0.001191,1126.20,-0.001401
20091230,0.000207,1126.42,0.000195
20091231,-0.010167,1115.10,-0.010050
20100104,0.015970,1132.99,0.016043
20100105,0.003066,1136.52,0.003116
20100106,0.000907,1137.14,0.000546
20100107,0.003898,1141.69,0.004001
20100108,0.002791,1144.98,0.002882
20100111,0.001724,1146.98,0.001747
20100112,-0.009159,1136.22,-0.009381
20100113,0.008434,1145.68,0.008326
20100114,0.002369,1148.46,0.002427
20100115,-0.010708,1136.03,-0.010823
20100119,0.012443,1150.23,0.012500
20100120,-0.010489,1138.04,-0.010598
20100121,-0.018772,1116.48,-0.018945
20100122,-0.021872,1091.76,-0.022141
20100125,0.004539,1096.78,0.004598
20100126,-0.004003,1092.17,-0.004203
20100127,0.004791,1097.50,0.004880
20100128,-0.011755,1084.53,-0.011818
20100129,-0.009675,1073.87,-0.009829
20100201,0.014002,1089.19,0.014266
20100202,0.012781,1103.32,0.012973
20100203,-0.004936,1097.28,-0.005474
20100204,-0.031009,1063.11,-0.031141
20100205,0.003003,1066.19,0.002897
20100208,-0.008498,1056.74,-0.008863
20100209,0.012927,1070.52,0.013040
20100210,-0.002047,1068.13,-0.002233
20100211,0.009735,1078.47,0.009680
20100212,-0.002560,1075.51,-0.002745
20100216,0.018242,1094.87,0.018001
20100217,0.004566,1099.51,0.004238
20100218,0.006558,1106.75,0.006585
20100219,0.001968,1109.17,0.002187
20100222,-0.000985,1108.01,-0.001046
20100223,-0.012151,1094.60,-0.012103
20100224,0.009932,1105.24,0.009720
20100225,-0.001729,1102.94,-0.002081
20100226,0.001370,1104.49,0.001405
20100301,0.010000,1115.71,0.010159
20100302,0.002319,1118.31,0.002330
20100303,0.000380,1118.79,0.000429
20100304,0.003904,1122.97,0.003736
20100305,0.013974,1138.70,0.014008
20100308,0.000171,1138.50,-0.000176
20100309,0.001958,1140.45,0.001713
20100310,0.004812,1145.61,0.004525
20100311,0.004563,1150.24,0.004042
20100312,-0.000332,1149.99,-0.000217
20100315,0.000617,1150.51,0.000452
20100316,0.007967,1159.46,0.007779
20100317,0.005805,1166.21,0.005822
20100318,-0.000355,1165.83,-0.000326
20100319,-0.005295,1159.90,-0.005087
20100322,0.005317,1165.81,0.005095
20100323,0.007378,1174.17,0.007171
20100324,-0.005491,1167.72,-0.005493
20100325,-0.001427,1165.73,-0.001704
20100326,0.000760,1166.59,0.000738
20100329,0.005649,1173.22,0.005683
20100330,0.000171,1173.27,0.000043
20100331,-0.003289,1169.43,-0.003273
20100401,0.007302,1178.10,0.007414
20100405,0.008022,1187.44,0.007928
20100406,0.001781,1189.44,0.001684
20100407,-0.005259,1182.45,-0.005877
20100408,0.003583,1186.44,0.003374
20100409,0.006607,1194.37,0.006684
20100412,0.001860,1196.48,0.001767
20100413,0.000747,1197.30,0.000685
20100414,0.011312,1210.65,0.011150
20100415,0.000686,1211.67,0.000843
20100416,-0.016104,1192.13,-0.016127
20100419,0.004721,1197.52,0.004521
20100420,0.008132,1207.17,0.008058
20100421,-0.000906,1205.94,-0.001019
20100422,0.002409,1208.67,0.002264
20100423,0.006918,1217.28,0.007124
20100426,-0.004460,1212.05,-0.004296
20100427,-0.023272,1183.71,-0.023382
20100428,0.006419,1191.36,0.006463
20100429,0.013005,1206.78,0.012943
20100430,-0.016712,1186.69,-0.016648
20100503,0.012927,1202.26,0.013121
20100504,-0.023775,1173.60,-0.023838
20100505,-0.006100,1165.90,-0.006561
20100506,-0.032201,1128.15,-0.032378
20100507,-0.015477,1110.88,-0.015308
20100510,0.043619,1159.73,0.043974
20100511,-0.003092,1155.79,-0.003397
20100512,0.014099,1171.67,0.013740
20100513,-0.012071,1157.44,-0.012145
20100514,-0.018848,1135.68,-0.018800
20100517,0.001267,1136.94,0.001109
20100518,-0.013955,1120.80,-0.014196
20100519,-0.005121,1115.05,-0.005130
20100520,-0.038569,1071.59,-0.038976
20100521,0.014701,1087.69,0.015024
20100524,-0.012638,1073.65,-0.012908
20100525,0.000262,1074.03,0.000354
20100526,-0.005595,1067.95,-0.005661
20100527,0.033149,1103.06,0.032876
20100528,-0.012146,1089.41,-0.012375
20100601,-0.017027,1070.71,-0.017165
20100602,0.025802,1098.38,0.025843
20100603,0.004262,1102.83,0.004051
20100604,-0.034767,1064.88,-0.034411
20100607,-0.013255,1050.47,-0.013532
20100608,0.010932,1062.00,0.010976
20100609,-0.005700,1055.69,-0.005942
20100610,0.029205,1086.84,0.029507
20100611,0.004718,1091.60,0.004380
20100614,-0.001694,1089.63,-0.001805
20100615,0.023318,1115.23,0.023494
20100616,-0.000658,1114.61,-0.000556
20100617,0.001306,1116.04,0.001283
20100618,0.001281,1117.51,0.001317
20100621,-0.003953,1113.20,-0.003857
20100622,-0.015842,1095.31,-0.016071
20100623,-0.002992,1092.04,-0.002985
20100624,-0.016901,1073.69,-0.016803
20100625,0.002990,1076.76,0.002859
20100628,-0.002108,1074.57,-0.002034
20100629,-0.031168,1041.24,-0.031017
20100630,-0.010014,1030.71,-0.010113
20100701,-0.002911,1027.37,-0.003240
20100702,-0.004509,1022.58,-0.004662
20100706,0.005406,1028.06,0.005359
20100707,0.031502,1060.27,0.031331
20100708,0.009588,1070.25,0.009413
20100709,0.007205,1077.96,0.007204
20100712,0.000925,1078.75,0.000733
20100713,0.015524,1095.34,0.015379
20100714,-0.000110,1095.17,-0.000155
20100715,0.001109,1096.48,0.001196
20100716,-0.028703,1064.88,-0.028820
20100719,0.005974,1071.25,0.005982
20100720,0.011595,1083.48,0.011417
20100721,-0.012708,1069.59,-0.012820
20100722,0.022423,1093.67,0.022513
20100723,0.008242,1102.66,0.008220
20100726,0.011120,1115.01,0.011200
20100727,-0.001073,1113.84,-0.001049
20100728,-0.006874,1106.13,-0.006922
20100729,-0.004039,1101.53,-0.004159
20100730,0.000052,1101.60,0.000064
20100802,0.021847,1125.86,0.022023
20100803,-0.004813,1120.46,-0.004796
20100804,0.006417,1127.24,0.006051
20100805,-0.001333,1125.81,-0.001269
20100806,-0.003445,1121.64,-0.003704
20100809,0.005515,1127.79,0.005483
20100810,-0.005970,1121.06,-0.005967
20100811,-0.027435,1089.47,-0.028179
20100812,-0.005483,1083.61,-0.005379
20100813,-0.003902,1079.25,-0.004024
20100816,0.000195,1079.38,0.000120
20100817,0.012525,1092.54,0.012192
20100818,0.001444,1094.16,0.001483
20100819,-0.016935,1075.63,-0.016935
20100820,-0.003539,1071.69,-0.003663
20100823,-0.003789,1067.36,-0.004040
20100824,-0.014424,1051.87,-0.014512
20100825,0.003523,1055.33,0.003289
20100826,-0.007759,1047.22,-0.007685
20100827,0.016560,1064.59,0.016587
20100830,-0.014556,1048.92,-0.014719
20100831,-0.000067,1049.33,0.000391
20100901,0.029898,1080.29,0.029505
20100902,0.009295,1090.10,0.009081
20100903,0.013217,1104.51,0.013219
20100907,-0.011150,1091.84,-0.011471
20100908,0.006538,1098.87,0.006439
20100909,0.004790,1104.18,0.004832
20100910,0.004883,1109.55,0.004863
20100913,0.011575,1121.90,0.011131
20100914,-0.000482,1121.10,-0.000713
20100915,0.003593,1125.07,0.003541
20100916,-0.000121,1124.66,-0.000364
20100917,0.001005,1125.59,0.000827
20100920,0.015202,1142.71,0.015210
20100921,-0.002731,1139.78,-0.002564
20100922,-0.004449,1134.28,-0.004825
20100923,-0.008258,1124.83,-0.008331
20100924,0.020924,1148.67,0.021194
20100927,-0.005519,1142.16,-0.005667
20100928,0.005024,1147.70,0.004850
20100929,-0.002404,1144.73,-0.002588
20100930,-0.003101,1141.20,-0.003084
20101001,0.004450,1146.24,0.004416
20101004,-0.007918,1137.03,-0.008035
20101005,0.020519,1160.75,0.020861
20101006,0.000064,1159.97,-0.000672
20101007,-0.001617,1158.06,-0.001647
20101008,0.006125,1165.15,0.006122
20101011,0.000207,1165.32,0.000146
20101012,0.003755,1169.77,0.003819
20101013,0.007272,1178.10,0.007121
20101014,-0.003865,1173.81,-0.003641
20101015,0.002134,1176.19,0.002028
20101018,0.007368,1184.71,0.007244
20101019,-0.015835,1165.90,-0.015877
20101020,0.010449,1178.17,0.010524
20101021,0.002000,1180.26,0.001774
20101022,0.002272,1183.08,0.002389
20101025,0.002280,1185.62,0.002147
20101026,0.000284,1185.64,0.000017
20101027,-0.002547,1182.45,-0.002691
20101028,0.001306,1183.78,0.001125
20101029,-0.000142,1183.26,-0.000439
20101101,0.000740,1184.38,0.000947
20101102,0.007736,1193.57,0.007759
20101103,0.003861,1197.96,0.003678
20101104,0.019330,1221.06,0.019283
20101105,0.003984,1225.85,0.003923
20101108,-0.002000,1223.25,-0.002121
20101109,-0.007598,1213.40,-0.008052
20101110,0.004364,1218.71,0.004376
20101111,-0.004139,1213.54,-0.004242
20101112,-0.011796,1199.21,-0.011808
20101115,-0.001374,1197.75,-0.001217
20101116,-0.015729,1178.34,-0.016205
20101117,0.000274,1178.59,0.000212
20101118,0.015284,1196.69,0.015357
20101119,0.002599,1199.73,0.002540
20101122,-0.001372,1197.84,-0.001575
20101123,-0.014258,1180.73,-0.014284
20101124,0.015003,1198.35,0.014923
20101126,-0.007258,1189.40,-0.007469
20101129,-0.001085,1187.76,-0.001379
20101130,-0.005854,1180.55,-0.006070
20101201,0.021595,1206.07,0.021617
20101202,0.012844,1221.53,0.012818
20101203,0.002709,1224.71,0.002603
20101206,-0.001162,1223.12,-0.001298
20101207,0.000655,1223.75,0.000515
20101208,0.003878,1228.28,0.003702
20101209,0.003980,1233.00,0.003843
20101210,0.006130,1240.40,0.006002
20101213,0.000224,1240.46,0.000048
20101214,0.001005,1241.59,0.000911
20101215,-0.004986,1235.23,-0.005122
20101216,0.006158,1242.87,0.006185
20101217,0.001119,1243.91,0.000837
20101220,0.002346,1247.08,0.002548
20101221,0.006134,1254.60,0.006030
20101222,0.003422,1258.84,0.003380
20101223,-0.001591,1256.77,-0.001644
20101227,0.000807,1257.54,0.000613
20101228,0.000765,1258.51,0.000771
20101229,0.001216,1259.78,0.001009
20101230,-0.001459,1257.88,-0.001508
20101231,-0.000271,1257.64,-0.000191
20110103,0.011325,1271.87,0.011315
20110104,-0.001236,1270.20,-0.001313
20110105,0.005164,1276.56,0.005007
20110106,-0.001715,1273.85,-0.002123
20110107,-0.001755,1271.50,-0.001845
20110110,-0.001549,1269.75,-0.001376
20110111,0.003829,1274.48,0.003725
20110112,0.009032,1285.96,0.009008
20110113,-0.001697,1283.76,-0.001711
20110114,0.007206,1293.24,0.007385
20110118,0.001383,1295.02,0.001376
20110119,-0.009960,1281.92,-0.010116
20110120,-0.001058,1280.26,-0.001295
20110121,0.002205,1283.35,0.002414
20110124,0.005643,1290.84,0.005836
20110125,0.000400,1291.18,0.000263
20110126,0.004330,1296.63,0.004221
20110127,0.002442,1299.54,0.002244
20110128,-0.017916,1276.34,-0.017852
20110131,0.007465,1286.12,0.007663
20110201,0.016542,1307.59,0.016694
20110202,-0.002470,1304.03,-0.002723
20110203,0.002366,1307.10,0.002354
20110204,0.002751,1310.87,0.002884
20110207,0.006562,1319.05,0.006240
20110208,0.004593,1324.57,0.004185
20110209,-0.002730,1320.88,-0.002786
20110210,0.000744,1321.87,0.000750
20110211,0.005651,1329.15,0.005507
20110214,0.002410,1332.32,0.002385
20110215,-0.003153,1328.01,-0.003235
20110216,0.006311,1336.32,0.006257
20110217,0.003255,1340.43,0.003076
20110218,0.001846,1343.01,0.001925
20110222,-0.020693,1315.44,-0.020529
20110223,-0.006134,1307.40,-0.006112
20110224,-0.000795,1306.10,-0.000994
20110225,0.010296,1319.88,0.010550
20110228,0.005120,1327.22,0.005561
20110301,-0.015713,1306.33,-0.015740
20110302,0.002000,1308.44,0.001615
20110303,0.017027,1330.97,0.017219
20110304,-0.007280,1321.15,-0.007378
20110307,-0.008306,1310.13,-0.008341
20110308,0.009110,1321.82,0.008923
20110309,-0.001121,1320.02,-0.001362
20110310,-0.018763,1295.11,-0.018871
20110311,0.007394,1304.28,0.007080
20110314,-0.005894,1296.39,-0.006049
20110315,-0.011073,1281.87,-0.011200
20110316,-0.019373,1256.88,-0.019495
20110317,0.012992,1273.72,0.013398
20110318,0.004214,1279.20,0.004302
20110321,0.015058,1298.38,0.014994
20110322,-0.003353,1293.77,-0.003551
20110323,0.002916,1297.54,0.002914
20110324,0.009368,1309.66,0.009341
20110325,0.003189,1313.80,0.003161
20110328,-0.002774,1310.19,-0.002748
20110329,0.007224,1319.44,0.007060
20110330,0.006720,1328.26,0.006685
20110331,-0.001745,1325.83,-0.001829
20110401,0.004890,1332.41,0.004963
20110404,0.000419,1332.87,0.000345
20110405,0.000089,1332.63,-0.000180
20110406,0.002602,1335.54,0.002184
20110407,-0.001498,1333.51,-0.001520
20110408,-0.004034,1328.17,-0.004004
20110411,-0.002773,1324.46,-0.002793
20110412,-0.007576,1314.16,-0.007777
20110413,0.000442,1314.41,0.000190
20110414,0.000048,1314.52,0.000084
20110415,0.003814,1319.68,0.003925
20110418,-0.011038,1305.14,-0.011018
20110419,0.005612,1312.62,0.005731
20110420,0.013576,1330.36,0.013515
20110421,0.005122,1337.38,0.005277
20110425,-0.001707,1335.25,-0.001593
20110426,0.008955,1347.24,0.008980
20110427,0.006537,1355.66,0.006250
20110428,0.003553,1360.48,0.003555
20110429,0.002303,1363.61,0.002301
20110502,-0.001740,1361.22,-0.001753
20110503,-0.003341,1356.62,-0.003379
20110504,-0.006527,1347.32,-0.006855
20110505,-0.008979,1335.10,-0.009070
20110506,0.003920,1340.20,0.003820
20110509,0.004444,1346.29,0.004544
20110510,0.008069,1357.16,0.008074
20110511,-0.010324,1342.08,-0.011111
20110512,0.005203,1348.65,0.004895
20110513,-0.008049,1337.77,-0.008067
20110516,-0.006157,1329.47,-0.006204
20110517,-0.000167,1328.98,-0.000369
20110518,0.008827,1340.68,0.008804
20110519,0.002355,1343.60,0.002178
20110520,-0.007732,1333.27,-0.007688
20110523,-0.011920,1317.37,-0.011926
20110524,-0.000953,1316.28,-0.000827
20110525,0.003019,1320.47,0.003183
20110526,0.004271,1325.69,0.003953
20110527,0.004343,1331.10,0.004081
20110531,0.010535,1345.20,0.010593
20110601,-0.022642,1314.55,-0.022785
20110602,-0.001226,1312.94,-0.001225
20110603,-0.009755,1300.16,-0.009734
20110606,-0.010634,1286.17,-0.010760
20110607,-0.000794,1284.94,-0.000956
20110608,-0.004053,1279.56,-0.004187
20110609,0.007452,1289.00,0.007378
20110610,-0.013762,1270.98,-0.013980
20110613,0.000999,1271.83,0.000669
20110614,0.012595,1287.87,0.012612
20110615,-0.017561,1265.42,-0.017432
20110616,0.001957,1267.64,0.001754
20110617,0.003049,1271.50,0.003045
20110620,0.005522,1278.36,0.005395
20110621,0.013557,1295.52,0.013423
20110622,-0.006441,1287.14,-0.006468
20110623,-0.002696,1283.50,-0.002828
20110624,-0.011903,1268.45,-0.011726
20110627,0.009232,1280.10,0.009184
20110628,0.013162,1296.67,0.012944
20110629,0.008388,1307.41,0.008283
20110630,0.010084,1320.64,0.010119
20110701,0.014493,1339.67,0.014410
20110705,-0.001209,1337.88,-0.001336
20110706,0.001503,1339.22,0.001002
20110707,0.010678,1353.22,0.010454
20110708,-0.006843,1343.80,-0.006961
20110711,-0.018032,1319.49,-0.018090
20110712,-0.004430,1313.64,-0.004434
20110713,0.003165,1317.72,0.003106
20110714,-0.006812,1308.87,-0.006716
20110715,0.005592,1316.14,0.005554
20110718,-0.008152,1305.44,-0.008130
20110719,0.016329,1326.73,0.016309
20110720,-0.000564,1325.84,-0.000671
20110721,0.013493,1343.80,0.013546
20110722,0.000963,1345.02,0.000908
20110725,-0.005611,1337.43,-0.005643
20110726,-0.003890,1331.94,-0.004105
20110727,-0.020252,1304.89,-0.020309
20110728,-0.003164,1300.67,-0.003234
20110729,-0.006379,1292.28,-0.006451
20110801,-0.004214,1286.94,-0.004132
20110802,-0.025575,1254.05,-0.025557
20110803,0.005456,1260.34,0.005016
20110804,-0.047724,1200.07,-0.047820
20110805,-0.000673,1199.38,-0.000575
20110808,-0.066532,1119.46,-0.066634
20110809,0.047420,1172.53,0.047407
20110810,-0.043752,1120.76,-0.044152
20110811,0.046185,1172.64,0.046290
20110812,0.005184,1178.81,0.005262
20110815,0.021687,1204.49,0.021785
20110816,-0.009120,1192.76,-0.009739
20110817,0.001028,1193.89,0.000947
20110818,-0.044371,1140.65,-0.044594
20110819,-0.014923,1123.53,-0.015009
20110822,0.000358,1123.82,0.000258
20110823,0.034443,1162.35,0.034285
20110824,0.013181,1177.60,0.013120
20110825,-0.015560,1159.27,-0.015566
20110826,0.015294,1176.80,0.015122
20110829,0.028404,1210.08,0.028280
20110830,0.002626,1212.92,0.002347
20110831,0.005100,1218.89,0.004922
20110901,-0.011889,1204.42,-0.011871
20110902,-0.025100,1173.97,-0.025282
20110906,-0.007280,1165.24,-0.007436
20110907,0.029003,1198.62,0.028646
20110908,-0.010623,1185.90,-0.010612
20110909,-0.026630,1154.23,-0.026705
20110912,0.007052,1162.27,0.006966
20110913,0.009622,1172.87,0.009120
20110914,0.013543,1188.68,0.013480
20110915,0.017299,1209.11,0.017187
20110916,0.005782,1216.01,0.005707
20110919,-0.009720,1204.09,-0.009803
20110920,-0.001807,1202.09,-0.001661
20110921,-0.029179,1166.76,-0.029390
20110922,-0.032021,1129.56,-0.031883
20110923,0.006360,1136.43,0.006082
20110926,0.023156,1162.95,0.023336
20110927,0.010558,1175.38,0.010688
20110928,-0.020291,1151.06,-0.020691
20110929,0.007898,1160.40,0.008114
20110930,-0.024877,1131.42,-0.024974
20111003,-0.028378,1099.23,-0.028451
20111004,0.022528,1123.95,0.022488
20111005,0.018251,1144.03,0.017866
20111006,0.018483,1164.97,0.018304
20111007,-0.007992,1155.46,-0.008163
20111010,0.034095,1194.89,0.034125
20111011,0.000593,1195.54,0.000544
20111012,0.009966,1207.25,0.009795
20111013,-0.002926,1203.66,-0.002974
20111014,0.017327,1224.58,0.017380
20111017,-0.019308,1200.86,-0.019370
20111018,0.020516,1225.38,0.020419
20111019,-0.012532,1209.88,-0.012649
20111020,0.004447,1215.39,0.004554
20111021,0.018775,1238.25,0.018809
20111024,0.013029,1254.19,0.012873
20111025,-0.020037,1229.05,-0.020045
20111026,0.010240,1242.00,0.010537
20111027,0.034398,1284.59,0.034291
20111028,0.000420,1285.09,0.000389
20111031,-0.024820,1253.30,-0.024738
20111101,-0.027867,1218.28,-0.027942
20111102,0.016246,1237.90,0.016105
20111103,0.018892,1261.15,0.018782
20111104,-0.006251,1253.23,-0.006280
20111107,0.006382,1261.12,0.006296
20111108,0.012425,1275.92,0.011736
20111109,-0.036672,1229.10,-0.036695
20111110,0.008642,1239.69,0.008616
20111111,0.019601,1263.85,0.019489
20111114,-0.009364,1251.78,-0.009550
20111115,0.004751,1257.81,0.004817
20111116,-0.016475,1236.91,-0.016616
20111117,-0.016845,1216.13,-0.016800
20111118,-0.000391,1215.65,-0.000395
20111121,-0.018651,1192.98,-0.018648
20111122,-0.004026,1188.04,-0.004141
20111123,-0.021966,1161.79,-0.022095
20111125,-0.002483,1158.67,-0.002686
20111128,0.029210,1192.55,0.029240
20111129,0.002616,1195.19,0.002214
20111130,0.043306,1246.96,0.043315
20111201,-0.001804,1244.58,-0.001909
20111202,-0.000335,1244.28,-0.000241
20111205,0.010460,1257.08,0.010287
20111206,0.001126,1258.47,0.001106
20111207,0.002277,1261.01,0.002018
20111208,-0.021145,1234.35,-0.021142
20111209,0.016952,1255.19,0.016883
20111212,-0.014884,1236.47,-0.014914
20111213,-0.008641,1225.73,-0.008686
20111214,-0.011194,1211.82,-0.011348
20111215,0.003335,1215.75,0.003243
20111216,0.003289,1219.66,0.003216
20111219,-0.011844,1205.35,-0.011733
20111220,0.029901,1241.30,0.029825
20111221,0.001647,1243.72,0.001950
20111222,0.008384,1254.00,0.008266
20111223,0.009031,1265.33,0.009035
20111227,-0.000069,1265.43,0.000079
20111228,-0.012235,1249.64,-0.012478
20111229,0.010645,1263.02,0.010707
20111230,-0.004231,1257.60,-0.004291
20120103,0.015377,1277.06,0.015474
20120104,0.000388,1277.30,0.000188
20120105,0.002898,1281.06,0.002944
20120106,-0.002191,1277.81,-0.002537
20120109,0.002330,1280.70,0.002262
20120110,0.008934,1292.08,0.008886
20120111,0.000413,1292.48,0.000310
20120112,0.002413,1295.50,0.002337
20120113,-0.004854,1289.09,-0.004948
20120117,0.003456,1293.67,0.003553
20120118,0.011388,1308.04,0.011108
20120119,0.005104,1314.50,0.004939
20120120,0.000790,1315.38,0.000669
20120123,0.000430,1316.00,0.000471
20120124,-0.000916,1314.65,-0.001026
20120125,0.008514,1326.05,0.008672
20120126,-0.005659,1318.43,-0.005746
20120127,-0.001511,1316.33,-0.001593
20120130,-0.002354,1313.01,-0.002522
20120131,-0.000399,1312.41,-0.000457
20120201,0.009247,1324.09,0.008900
20120202,0.001258,1325.54,0.001095
20120203,0.014701,1344.90,0.014605
20120206,-0.000504,1344.33,-0.000424
20120207,0.001982,1347.05,0.002023
20120208,0.002557,1349.96,0.002160
20120209,0.001659,1351.95,0.001474
20120210,-0.006980,1342.64,-0.006886
20120213,0.006931,1351.77,0.006800
20120214,-0.000729,1350.50,-0.000940
20120215,-0.005095,1343.23,-0.005383
20120216,0.011270,1358.04,0.011026
20120217,0.002396,1361.23,0.002349
20120221,0.000416,1362.21,0.000720
20120222,-0.003431,1357.66,-0.003340
20120223,0.004499,1363.46,0.004272
20120224,0.001959,1365.74,0.001672
20120227,0.001445,1367.59,0.001355
20120228,0.003637,1372.18,0.003356
20120229,-0.004444,1365.68,-0.004737
20120301,0.006162,1374.09,0.006158
20120302,-0.003038,1369.63,-0.003246
20120305,-0.003730,1364.33,-0.003870
20120306,-0.015343,1343.36,-0.015370
20120307,0.007335,1352.63,0.006901
20120308,0.009748,1365.91,0.009818
20120309,0.003565,1370.87,0.003631
20120312,0.000227,1371.09,0.000160
20120313,0.018365,1395.95,0.018132
20120314,-0.001188,1394.28,-0.001196
20120315,0.006001,1402.60,0.005967
20120316,0.001059,1404.17,0.001119
20120319,0.003784,1409.75,0.003974
20120320,-0.002844,1405.52,-0.003001
20120321,-0.001866,1402.89,-0.001871
20120322,-0.007124,1392.78,-0.007207
20120323,0.003121,1397.11,0.003109
20120326,0.013912,1416.51,0.013886
20120327,-0.002598,1412.52,-0.002817
20120328,-0.004714,1405.54,-0.004942
20120329,-0.001632,1403.28,-0.001608
20120330,0.003730,1408.47,0.003698
20120402,0.007407,1419.04,0.007505
20120403,-0.003787,1413.38,-0.003989
20120404,-0.010034,1398.96,-0.010202
20120405,-0.000117,1398.08,-0.000629
20120409,-0.011358,1382.20,-0.011358
20120410,-0.017067,1358.59,-0.017081
20120411,0.007588,1368.71,0.007449
20120412,0.013798,1387.57,0.013779
20120413,-0.012421,1370.26,-0.012475
20120416,-0.000450,1369.57,-0.000504
20120417,0.015507,1390.78,0.015487
20120418,-0.003952,1385.14,-0.004055
20120419,-0.005824,1376.92,-0.005934
20120420,0.001370,1378.53,0.001169
20120423,-0.008769,1366.94,-0.008408
20120424,0.003327,1371.97,0.003680
20120425,0.013676,1390.69,0.013645
20120426,0.007024,1399.98,0.006680
20120427,0.002704,1403.36,0.002414
20120430,-0.003841,1397.91,-0.003884
20120501,0.005573,1405.82,0.005658
20120502,-0.002329,1402.31,-0.002497
20120503,-0.007570,1391.57,-0.007659
20120504,-0.016202,1369.10,-0.016147
20120507,0.000175,1369.58,0.000351
20120508,-0.004166,1363.72,-0.004279
20120509,-0.006242,1354.58,-0.006702
20120510,0.002691,1357.99,0.002517
20120511,-0.003215,1353.39,-0.003387
20120514,-0.011019,1338.35,-0.011113
20120515,-0.005451,1330.66,-0.005746
20120516,-0.004271,1324.80,-0.004404
20120517,-0.014673,1304.86,-0.015051
20120518,-0.007276,1295.22,-0.007388
20120521,0.016123,1315.99,0.016036
20120522,0.000573,1316.63,0.000486
20120523,0.001839,1318.86,0.001694
20120524,0.001519,1320.68,0.001380
20120525,-0.002080,1317.82,-0.002166
20120529,0.011299,1332.42,0.011079
20120530,-0.014079,1313.32,-0.014335
20120531,-0.002107,1310.33,-0.002277
20120601,-0.024708,1278.04,-0.024643
20120604,0.000295,1278.18,0.000110
20120605,0.005835,1285.50,0.005727
20120606,0.023073,1315.13,0.023049
20120607,0.000014,1314.99,-0.000106
20120608,0.008371,1325.66,0.008114
20120611,-0.012739,1308.93,-0.012620
20120612,0.011654,1324.18,0.011651
20120613,-0.006675,1314.88,-0.007023
20120614,0.010730,1329.10,0.010815
20120615,0.010421,1342.84,0.010338
20120618,0.001494,1344.78,0.001445
20120619,0.009845,1357.98,0.009816
20120620,-0.001449,1355.69,-0.001686
20120621,-0.022091,1325.51,-0.022262
20120622,0.007081,1335.02,0.007175
20120625,-0.015578,1313.72,-0.015955
20120626,0.004758,1319.99,0.004773
20120627,0.008995,1331.85,0.008985
20120628,-0.002167,1329.04,-0.002110
20120629,0.025166,1362.16,0.024920
20120702,0.002405,1365.51,0.002459
20120703,0.006713,1374.02,0.006232
20120705,-0.004557,1367.58,-0.004687
20120706,-0.009039,1354.68,-0.009433
20120709,-0.001629,1352.46,-0.001639
20120710,-0.008019,1341.47,-0.008126
20120711,-0.000020,1341.45,-0.000015
20120712,-0.005030,1334.76,-0.004987
20120713,0.016617,1356.78,0.016497
20120716,-0.002319,1353.64,-0.002314
20120717,0.007375,1363.67,0.007410
20120718,0.006779,1372.78,0.006681
20120719,0.002712,1376.51,0.002717
20120720,-0.009819,1362.66,-0.010062
20120723,-0.009045,1350.52,-0.008909
20120724,-0.009039,1338.31,-0.009041
20120725,-0.000343,1337.89,-0.000314
20120726,0.016661,1360.02,0.016541
20120727,0.019238,1385.97,0.019081
20120730,-0.000306,1385.30,-0.000483
20120731,-0.004437,1379.32,-0.004317
20120801,-0.003073,1375.14,-0.003030
20120802,-0.007161,1365.00,-0.007374
20120803,0.019034,1390.99,0.019040
20120806,0.002376,1394.23,0.002329
20120807,0.005174,1401.35,0.005107
20120808,0.001014,1402.22,0.000621
20120809,0.000757,1402.80,0.000414
20120810,0.002143,1405.87,0.002188
20120813,-0.001029,1404.11,-0.001252
20120814,0.000231,1403.93,-0.000128
20120815,0.001656,1405.53,0.001140
20120816,0.006944,1415.51,0.007101
20120817,0.001860,1418.16,0.001872
20120820,-0.000025,1418.13,-0.000021
20120821,-0.003603,1413.17,-0.003498
20120822,0.000250,1413.49,0.000226
20120823,-0.007941,1402.08,-0.008072
20120824,0.006713,1411.13,0.006455
20120827,-0.000408,1410.44,-0.000489
20120828,-0.000706,1409.30,-0.000808
20120829,0.001133,1410.49,0.000844
20120830,-0.007663,1399.48,-0.007806
20120831,0.005188,1406.58,0.005073
20120904,-0.000936,1404.94,-0.001166
20120905,-0.000866,1403.44,-0.001068
20120906,0.020380,1432.12,0.020436
20120907,0.004010,1437.92,0.004050
20120910,-0.006136,1429.08,-0.006148
20120911,0.003175,1433.56,0.003135
20120912,0.002338,1436.56,0.002093
20120913,0.016295,1459.99,0.016310
20120914,0.004019,1465.77,0.003959
20120917,-0.003166,1461.19,-0.003125
20120918,-0.001285,1459.32,-0.001280
20120919,0.001210,1461.05,0.001185
20120920,-0.000450,1460.26,-0.000541
20120921,-0.000178,1460.15,-0.000075
20120924,-0.002032,1456.89,-0.002233
20120925,-0.010525,1441.59,-0.010502
20120926,-0.005537,1433.32,-0.005737
20120927,0.009581,1447.15,0.009649
20120928,-0.004484,1440.67,-0.004478
20121001,0.002764,1444.49,0.002652
20121002,0.000982,1445.75,0.000872
20121003,0.003885,1450.99,0.003624
20121004,0.007250,1461.40,0.007174
20121005,-0.000007,1460.93,-0.000322
20121008,-0.003299,1455.88,-0.003457
20121009,-0.009926,1441.48,-0.009891
20121010,-0.005926,1432.56,-0.006188
20121011,0.000422,1432.84,0.000195
20121012,-0.002788,1428.59,-0.002966
20121015,0.008098,1440.13,0.008078
20121016,0.010142,1454.92,0.010270
20121017,0.004166,1460.91,0.004117
20121018,-0.002450,1457.34,-0.002444
20121019,-0.016520,1433.19,-0.016571
20121022,0.000409,1433.82,0.000440
20121023,-0.014309,1413.11,-0.014444
20121024,-0.003034,1408.75,-0.003085
20121025,0.002776,1412.97,0.002996
20121026,-0.000458,1411.94,-0.000729
20121031,0.000391,1412.16,0.000156
20121101,0.010576,1427.59,0.010927
20121102,-0.009219,1414.20,-0.009379
20121105,0.002231,1417.26,0.002164
20121106,0.008003,1428.39,0.007853
20121107,-0.022644,1394.53,-0.023705
20121108,-0.012236,1377.51,-0.012205
20121109,0.001589,1379.85,0.001699
20121112,0.000099,1380.03,0.000130
20121113,-0.003716,1374.53,-0.003985
20121114,-0.013501,1355.49,-0.013852
20121115,-0.001847,1353.33,-0.001594
20121116,0.004933,1359.88,0.004840
20121119,0.019683,1386.89,0.019862
20121120,0.000789,1387.81,0.000663
20121121,0.002384,1391.03,0.002320
20121123,0.013213,1409.15,0.013026
20121126,-0.002008,1406.29,-0.002030
20121127,-0.005096,1398.94,-0.005227
20121128,0.008316,1409.93,0.007856
20121129,0.004408,1415.95,0.004270
20121130,0.000344,1416.18,0.000162
20121203,-0.004831,1409.46,-0.004745
20121204,-0.001520,1407.05,-0.001710
20121205,0.001923,1409.28,0.001585
20121206,0.003442,1413.94,0.003307
20121207,0.003084,1418.07,0.002921
20121210,0.000380,1418.55,0.000338
20121211,0.006462,1427.84,0.006549
20121212,0.000242,1428.48,0.000448
20121213,-0.005975,1419.45,-0.006321
20121214,-0.003964,1413.58,-0.004135
20121217,0.011723,1430.36,0.011871
20121218,0.011496,1446.79,0.011487
20121219,-0.007328,1435.81,-0.007589
20121220,0.005499,1443.69,0.005488
20121221,-0.009196,1430.15,-0.009379
20121224,-0.002297,1426.66,-0.002440
20121226,-0.004901,1419.83,-0.004787
20121227,-0.001007,1418.10,-0.001218
20121228,-0.010917,1402.43,-0.011050
20121231,0.016572,1426.19,0.016942
20130102,0.025611,1462.42,0.025403
20130103,-0.002199,1459.37,-0.002086
20130104,0.004998,1466.47,0.004865
20130107,-0.003084,1461.89,-0.003123
20130108,-0.002897,1457.15,-0.003242
20130109,0.002726,1461.02,0.002656
20130110,0.007413,1472.12,0.007597
20130111,0.000174,1472.05,-0.000048
20130114,-0.000932,1470.68,-0.000931
20130115,0.001299,1472.34,0.001129
20130116,0.000271,1472.63,0.000197
20130117,0.005619,1480.94,0.005643
20130118,0.003510,1485.98,0.003403
20130122,0.004398,1492.56,0.004428
20130123,0.001432,1494.81,0.001507
20130124,0.000273,1494.82,0.000007
20130125,0.005407,1502.96,0.005445
20130128,-0.001824,1500.18,-0.001850
20130129,0.004958,1507.84,0.005106
20130130,-0.003316,1501.96,-0.003900
20130131,-0.002475,1498.11,-0.002563
20130201,0.010003,1513.17,0.010053
20130204,-0.011541,1495.71,-0.011539
20130205,0.010499,1511.29,0.010416
20130206,0.000737,1512.12,0.000549
20130207,-0.001367,1509.39,-0.001805
20130208,0.005602,1517.93,0.005658
20130211,-0.000570,1517.01,-0.000606
20130212,0.001607,1519.43,0.001595
20130213,0.001055,1520.33,0.000592
20130214,0.000650,1521.38,0.000691
20130215,-0.001190,1519.79,-0.001045
20130219,0.007348,1530.94,0.007337
20130220,-0.012237,1511.95,-0.012404
20130221,-0.005934,1502.42,-0.006303
20130222,0.008918,1515.60,0.008773
20130225,-0.018226,1487.85,-0.018310
20130226,0.006260,1496.94,0.006109
20130227,0.012895,1515.99,0.012726
20130228,-0.000953,1514.68,-0.000864
20130301,0.002466,1518.20,0.002324
20130304,0.004884,1525.20,0.004611
20130305,0.009513,1539.79,0.009566
20130306,0.001350,1541.46,0.001085
20130307,0.001911,1544.26,0.001816
20130308,0.004463,1551.18,0.004481
20130311,0.003298,1556.22,0.003249
20130312,-0.002194,1552.48,-0.002403
20130313,0.001664,1554.52,0.001314
20130314,0.005496,1563.23,0.005603
20130315,-0.001658,1560.70,-0.001618
20130318,-0.005454,1552.10,-0.005510
20130319,-0.002360,1548.34,-0.002423
20130320,0.006787,1558.71,0.006697
20130321,-0.008485,1545.80,-0.008282
20130322,0.007153,1556.89,0.007174
20130325,-0.003320,1551.69,-0.003340
20130326,0.008095,1563.77,0.007785
20130327,-0.000461,1562.85,-0.000588
20130328,0.004015,1569.19,0.004057
20130401,-0.004271,1562.17,-0.004474
20130402,0.005018,1570.25,0.005172
20130403,-0.010349,1553.69,-0.010546
20130404,0.004128,1559.98,0.004048
20130405,-0.004222,1553.28,-0.004295
20130408,0.006677,1563.07,0.006303
20130409,0.003805,1568.61,0.003544
20130410,0.012105,1587.73,0.012189
20130411,0.003536,1593.37,0.003552
20130412,-0.002725,1588.85,-0.002837
20130415,-0.022746,1552.36,-0.022966
20130416,0.014195,1574.57,0.014307
20130417,-0.014184,1552.01,-0.014328
20130418,-0.006680,1541.61,-0.006701
20130419,0.008838,1555.25,0.008848
20130422,0.004653,1562.50,0.004662
20130423,0.010427,1578.78,0.010419
20130424,0.000125,1578.79,0.000006
20130425,0.004200,1585.16,0.004035
20130426,-0.001880,1582.24,-0.001842
20130429,0.007100,1593.61,0.007186
20130430,0.002534,1597.57,0.002485
20130501,-0.009213,1582.70,-0.009308
20130502,0.009456,1597.59,0.009408
20130503,0.010695,1614.42,0.010535
20130506,0.001785,1617.50,0.001908
20130507,0.005245,1625.96,0.005230
20130508,0.004475,1632.69,0.004139
20130509,-0.003264,1626.67,-0.003687
20130510,0.004434,1633.70,0.004322
20130513,0.000144,1633.77,0.000043
20130514,0.010441,1650.34,0.010142
20130515,0.005529,1658.78,0.005114
20130516,-0.004957,1650.47,-0.005010
20130517,0.010277,1667.47,0.010300
20130520,-0.000680,1666.29,-0.000708
20130521,0.001665,1669.16,0.001722
20130522,-0.008264,1655.35,-0.008274
20130523,-0.002871,1650.51,-0.002924
20130524,-0.000402,1649.60,-0.000551
20130528,0.006402,1660.06,0.006341
20130529,-0.007039,1648.36,-0.007048
20130530,0.003664,1654.41,0.003670
20130531,-0.014153,1630.74,-0.014307
20130603,0.006028,1640.42,0.005936
20130604,-0.005431,1631.38,-0.005511
20130605,-0.013435,1608.90,-0.013780
20130606,0.008539,1622.56,0.008490
20130607,0.012915,1643.38,0.012832
20130610,-0.000310,1642.81,-0.000347
20130611,-0.010230,1626.13,-0.010153
20130612,-0.008146,1612.52,-0.008370
20130613,0.014841,1636.36,0.014784
20130614,-0.005876,1626.73,-0.005885
20130617,0.007613,1639.04,0.007567
20130618,0.007811,1651.81,0.007791
20130619,-0.013912,1628.93,-0.013851
20130620,-0.024876,1588.19,-0.025010
20130621,0.002352,1592.43,0.002670
20130624,-0.011854,1573.09,-0.012145
20130625,0.009489,1588.03,0.009497
20130626,0.009840,1603.26,0.009590
20130627,0.006371,1613.20,0.006200
20130628,-0.004367,1606.28,-0.004290
20130701,0.005481,1614.96,0.005404
20130702,-0.000412,1614.08,-0.000545
20130703,0.000831,1615.41,0.000824
20130705,0.010113,1631.89,0.010202
20130708,0.005695,1640.46,0.005252
20130709,0.007262,1652.32,0.007230
20130710,0.000236,1652.62,0.000182
20130711,0.013691,1675.02,0.013554
20130712,0.003009,1680.19,0.003087
20130715,0.001522,1682.50,0.001375
20130716,-0.003745,1676.26,-0.003709
20130717,0.002830,1680.91,0.002774
20130718,0.005011,1689.37,0.005033
20130719,0.001503,1692.09,0.001610
20130722,0.002035,1695.53,0.002033
20130723,-0.001750,1692.39,-0.001852
20130724,-0.003726,1685.94,-0.003811
20130725,0.002500,1690.25,0.002556
20130726,0.000813,1691.65,0.000828
20130729,-0.003651,1685.33,-0.003736
20130730,0.000527,1685.96,0.000374
20130731,-0.000103,1685.73,-0.000136
20130801,0.012504,1706.87,0.012541
20130802,0.001666,1709.67,0.001640
20130805,-0.001412,1707.14,-0.001480
20130806,-0.005701,1697.37,-0.005723
20130807,-0.003545,1690.91,-0.003806
20130808,0.004056,1697.48,0.003885
20130809,-0.003307,1691.42,-0.003570
20130812,-0.001138,1689.47,-0.001153
20130813,0.002888,1694.16,0.002776
20130814,-0.004962,1685.39,-0.005177
20130815,-0.014269,1661.32,-0.014282
20130816,-0.003337,1655.83,-0.003305
20130819,-0.005888,1646.06,-0.005900
20130820,0.003870,1652.35,0.003821
20130821,-0.005602,1642.80,-0.005780
20130822,0.008594,1656.96,0.008619
20130823,0.004166,1663.50,0.003947
20130826,-0.004020,1656.78,-0.004040
20130827,-0.015764,1630.48,-0.015874
20130828,0.002691,1634.96,0.002748
20130829,0.002221,1638.17,0.001963
20130830,-0.002944,1632.97,-0.003174
20130903,0.004108,1639.77,0.004164
20130904,0.008289,1653.08,0.008117
20130905,0.001261,1655.08,0.001210
20130906,0.000194,1655.17,0.000054
20130909,0.010143,1671.71,0.009993
20130910,0.007445,1683.99,0.007346
20130911,0.003132,1689.13,0.003052
20130912,-0.003058,1683.42,-0.003380
20130913,0.002824,1687.99,0.002715
20130916,0.005725,1697.60,0.005693
20130917,0.004337,1704.76,0.004218
20130918,0.012281,1725.52,0.012178
20130919,-0.001648,1722.34,-0.001843
20130920,-0.007180,1709.91,-0.007217
20130923,-0.004703,1701.84,-0.004720
20130924,-0.002512,1697.42,-0.002597
20130925,-0.002835,1692.77,-0.002739
20130926,0.003647,1698.67,0.003485
20130927,-0.004064,1691.75,-0.004074
20130930,-0.006004,1681.55,-0.006029
20131001,0.007948,1695.00,0.007999
20131002,-0.000453,1693.87,-0.000667
20131003,-0.008983,1678.66,-0.008979
20131004,0.006997,1690.50,0.007053
20131007,-0.008653,1676.12,-0.008506
20131008,-0.011835,1655.45,-0.012332
20131009,0.000665,1656.40,0.000574
20131010,0.022000,1692.56,0.021830
20131011,0.006247,1703.20,0.006286
20131014,0.004028,1710.14,0.004075
20131015,-0.007049,1698.06,-0.007064
20131016,0.013931,1721.54,0.013828
20131017,0.006748,1733.15,0.006744
20131018,0.006599,1744.50,0.006549
20131021,0.000049,1744.66,0.000092
20131022,0.005810,1754.67,0.005738
20131023,-0.004770,1746.38,-0.004725
20131024,0.003382,1752.07,0.003258
20131025,0.004538,1759.77,0.004395
20131028,0.001408,1762.11,0.001330
20131029,0.005638,1771.95,0.005584
20131030,-0.004725,1763.31,-0.004876
20131031,-0.003629,1756.54,-0.003839
20131101,0.002812,1761.64,0.002903
20131104,0.003611,1767.93,0.003571
20131105,-0.002643,1762.97,-0.002806
20131106,0.004945,1770.49,0.004266
20131107,-0.013047,1747.15,-0.013183
20131108,0.013383,1770.61,0.013428
20131111,0.000868,1771.89,0.000723
20131112,-0.002210,1767.69,-0.002370
20131113,0.008407,1782.00,0.008095
20131114,0.005032,1790.62,0.004837
20131115,0.004164,1798.18,0.004222
20131118,-0.003615,1791.53,-0.003698
20131119,-0.001941,1787.87,-0.002043
20131120,-0.003578,1781.37,-0.003636
20131121,0.008144,1795.85,0.008129
20131122,0.005076,1804.76,0.004961
20131125,-0.001130,1802.48,-0.001263
20131126,0.000306,1802.75,0.000150
20131127,0.002796,1807.23,0.002485
20131129,-0.000704,1805.81,-0.000786
20131202,-0.002526,1800.90,-0.002719
20131203,-0.003192,1795.15,-0.003193
20131204,-0.001071,1792.81,-0.001304
20131205,-0.004448,1785.03,-0.004340
20131206,0.011338,1805.09,0.011238
20131209,0.001871,1808.37,0.001817
20131210,-0.003295,1802.62,-0.003180
20131211,-0.011122,1782.22,-0.011317
20131212,-0.003588,1775.50,-0.003771
20131213,-0.000063,1775.32,-0.000101
20131216,0.006329,1786.54,0.006320
20131217,-0.003089,1781.00,-0.003101
20131218,0.016609,1810.65,0.016648
20131219,-0.000494,1809.60,-0.000580
20131220,0.005032,1818.32,0.004819
20131223,0.005333,1827.99,0.005318
20131224,0.003015,1833.32,0.002916
20131226,0.004784,1842.02,0.004745
20131227,-0.000212,1841.40,-0.000337
20131230,-0.000111,1841.07,-0.000179
20131231,0.003983,1848.36,0.003960
20140102,-0.008595,1831.98,-0.008862
20140103,-0.000275,1831.37,-0.000333
20140106,-0.002495,1826.77,-0.002512
20140107,0.006090,1837.88,0.006082
20140108,0.000057,1837.49,-0.000212
20140109,0.000369,1838.13,0.000348
20140110,0.002358,1842.37,0.002307
20140113,-0.012525,1819.20,-0.012576
20140114,0.010866,1838.88,0.010818
20140115,0.005061,1848.38,0.005166
20140116,-0.001358,1845.89,-0.001347
20140117,-0.003801,1838.70,-0.003895
20140121,0.002789,1843.80,0.002774
20140122,0.000648,1844.86,0.000575
20140123,-0.008917,1828.46,-0.008890
20140124,-0.020885,1790.29,-0.020875
20140127,-0.004946,1781.56,-0.004876
20140128,0.006288,1792.50,0.006141
20140129,-0.010172,1774.20,-0.010209
20140130,0.011494,1794.19,0.011267
20140131,-0.006640,1782.59,-0.006465
20140203,-0.022957,1741.89,-0.022832
20140204,0.007695,1755.20,0.007641
20140205,-0.001722,1751.64,-0.002028
20140206,0.012905,1773.43,0.012440
20140207,0.013283,1797.02,0.013302
20140210,0.001672,1799.84,0.001569
20140211,0.011133,1819.75,0.011062
20140212,0.000190,1819.26,-0.000269
20140213,0.006053,1829.83,0.005810
20140214,0.004822,1838.63,0.004809
20140218,0.001301,1840.76,0.001158
20140219,-0.006349,1828.75,-0.006524
20140220,0.006132,1839.78,0.006031
20140221,-0.001748,1836.25,-0.001919
20140224,0.006270,1847.61,0.006187
20140225,-0.001301,1845.12,-0.001348
20140226,0.000376,1845.16,0.000022
20140227,0.004977,1854.29,0.004948
20140228,0.002726,1859.45,0.002783
20140303,-0.007366,1845.73,-0.007379
20140304,0.015324,1873.91,0.015268
20140305,0.000157,1873.81,-0.000053
20140306,0.001736,1877.03,0.001718
20140307,0.000550,1878.04,0.000538
20140310,-0.000494,1877.17,-0.000463
20140311,-0.005036,1867.63,-0.005082
20140312,0.000613,1868.20,0.000305
20140313,-0.011595,1846.34,-0.011701
20140314,-0.002778,1841.13,-0.002822
20140317,0.009605,1858.83,0.009614
20140318,0.007293,1872.25,0.007220
20140319,-0.006192,1860.77,-0.006132
20140320,0.006026,1872.01,0.006041
20140321,-0.002971,1866.52,-0.002933
20140324,-0.004746,1857.44,-0.004865
20140325,0.004417,1865.62,0.004404
20140326,-0.007022,1852.56,-0.007000
20140327,-0.001715,1849.04,-0.001900
20140328,0.004673,1857.62,0.004640
20140331,0.007985,1872.34,0.007924
20140401,0.007171,1885.52,0.007039
20140402,0.003009,1890.90,0.002853
20140403,-0.001183,1888.77,-0.001126
20140404,-0.012602,1865.09,-0.012537
20140407,-0.010670,1845.04,-0.010750
20140408,0.004302,1851.96,0.003751
20140409,0.011019,1872.18,0.010918
20140410,-0.021010,1833.08,-0.020885
20140411,-0.009449,1815.69,-0.009487
20140414,0.008280,1830.61,0.008217
20140415,0.006704,1842.98,0.006757
20140416,0.010552,1862.31,0.010488
20140417,0.001344,1864.85,0.001364
20140421,0.003740,1871.89,0.003775
20140422,0.004066,1879.55,0.004092
20140423,-0.002150,1875.39,-0.002213
20140424,0.001664,1878.61,0.001717
20140425,-0.008293,1863.40,-0.008096
20140428,0.003237,1869.43,0.003236
20140429,0.004857,1878.33,0.004761
20140430,0.003123,1883.95,0.002992
20140501,-0.000047,1883.68,-0.000143
20140502,-0.001378,1881.14,-0.001348
20140505,0.001898,1884.66,0.001871
20140506,-0.008985,1867.72,-0.008988
20140507,0.005960,1878.21,0.005616
20140508,-0.001097,1875.63,-0.001374
20140509,0.001806,1878.48,0.001519
20140512,0.009899,1896.65,0.009673
20140513,0.000701,1897.45,0.000422
20140514,-0.004558,1888.53,-0.004701
20140515,-0.009363,1870.85,-0.009362
20140516,0.003727,1877.86,0.003747
20140519,0.003886,1885.08,0.003845
20140520,-0.006523,1872.83,-0.006498
20140521,0.008260,1888.03,0.008116
20140522,0.002440,1892.49,0.002362
20140523,0.004329,1900.53,0.004248
20140527,0.005997,1911.91,0.005988
20140528,-0.001014,1909.78,-0.001114
20140529,0.005499,1920.03,0.005367
20140530,0.001890,1923.57,0.001844
20140602,0.000832,1924.97,0.000728
20140603,-0.000387,1924.24,-0.000379
20140604,0.002108,1927.88,0.001892
20140605,0.006645,1940.46,0.006525
20140606,0.004822,1949.44,0.004628
20140609,0.000962,1951.27,0.000939
20140610,-0.000262,1950.79,-0.000246
20140611,-0.003447,1943.89,-0.003537
20140612,-0.006838,1930.11,-0.007089
20140613,0.003143,1936.16,0.003135
20140616,0.000825,1937.78,0.000837
20140617,0.002241,1941.99,0.002173
20140618,0.007848,1956.98,0.007719
20140619,0.001311,1959.48,0.001277
20140620,0.001691,1962.87,0.001730
20140623,-0.000019,1962.61,-0.000132
20140624,-0.006352,1949.98,-0.006435
20140625,0.004824,1959.53,0.004897
20140626,-0.001148,1957.22,-0.001179
20140627,0.002066,1960.96,0.001911
20140630,-0.000311,1960.23,-0.000372
20140701,0.006864,1973.32,0.006678
20140702,0.000656,1974.62,0.000659
20140703,0.005392,1985.44,0.005480
20140707,-0.003839,1977.65,-0.003924
20140708,-0.006723,1963.71,-0.007049
20140709,0.004662,1972.83,0.004644
20140710,-0.004144,1964.68,-0.004131
20140711,0.001618,1967.57,0.001471
20140714,0.004856,1977.10,0.004844
20140715,-0.001933,1973.28,-0.001932
20140716,0.004352,1981.57,0.004201
20140717,-0.011614,1958.12,-0.011834
20140718,0.010240,1978.22,0.010265
20140721,-0.002260,1973.63,-0.002320
20140722,0.004960,1983.53,0.005016
20140723,0.001766,1987.01,0.001754
20140724,0.000464,1987.98,0.000488
20140725,-0.004938,1978.34,-0.004849
20140728,0.000228,1978.91,0.000288
20140729,-0.004485,1969.95,-0.004528
20140730,0.000195,1970.07,0.000061
20140731,-0.019929,1930.67,-0.019999
20140801,-0.002982,1925.15,-0.002859
20140804,0.007143,1938.99,0.007189
20140805,-0.009499,1920.21,-0.009685
20140806,0.000378,1920.24,0.000016
20140807,-0.005303,1909.57,-0.005557
20140808,0.011524,1931.59,0.011531
20140811,0.002901,1936.92,0.002759
20140812,-0.001668,1933.75,-0.001637
20140813,0.006939,1946.72,0.006707
20140814,0.004360,1955.18,0.004346
20140815,0.000085,1955.06,-0.000061
20140818,0.008628,1971.74,0.008532
20140819,0.005292,1981.60,0.005001
20140820,0.002524,1986.51,0.002478
20140821,0.002979,1992.37,0.002950
20140822,-0.001758,1988.40,-0.001993
20140825,0.004783,1997.92,0.004788
20140826,0.001090,2000.02,0.001051
20140827,0.000132,2000.12,0.000050
20140828,-0.001583,1996.74,-0.001690
20140829,0.003363,2003.37,0.003320
20140902,-0.000439,2002.28,-0.000544
20140903,-0.000566,2000.72,-0.000779
20140904,-0.001383,1997.65,-0.001534
20140905,0.005057,2007.71,0.005036
20140908,-0.002982,2001.54,-0.003073
20140909,-0.006551,1988.44,-0.006545
20140910,0.003676,1995.69,0.003646
20140911,0.001135,1997.45,0.000882
20140912,-0.005910,1985.54,-0.005963
20140915,-0.000819,1984.13,-0.000710
20140916,0.007541,1998.98,0.007484
20140917,0.001261,2001.57,0.001296
20140918,0.005027,2011.36,0.004891
20140919,-0.000442,2010.40,-0.000477
20140922,-0.008037,1994.29,-0.008013
20140923,-0.005735,1982.77,-0.005776
20140924,0.007993,1998.30,0.007832
20140925,-0.016122,1965.99,-0.016169
20140926,0.008738,1982.85,0.008576
20140929,-0.002507,1977.80,-0.002547
20140930,-0.002649,1972.29,-0.002786
20141001,-0.013082,1946.16,-0.013249
20141002,0.000146,1946.17,0.000005
20141003,0.011167,1967.90,0.011166
20141006,-0.001490,1964.82,-0.001565
20141007,-0.015091,1935.10,-0.015126
20141008,0.017686,1968.89,0.017462
20141009,-0.020569,1928.21,-0.020661
20141010,-0.011289,1906.13,-0.011451
20141013,-0.016466,1874.74,-0.016468
20141014,0.001633,1877.70,0.001579
20141015,-0.008094,1862.49,-0.008100
20141016,0.000073,1862.76,0.000145
20141017,0.012737,1886.76,0.012884
20141020,0.009183,1904.01,0.009143
20141021,0.019484,1941.28,0.019574
20141022,-0.007091,1927.11,-0.007299
20141023,0.012181,1950.82,0.012303
20141024,0.006866,1964.58,0.007053
20141027,-0.001469,1961.63,-0.001502
20141028,0.011817,1985.05,0.011939
20141029,-0.001290,1982.30,-0.001385
20141030,0.006384,1994.65,0.006230
20141031,0.011692,2018.05,0.011731
20141103,-0.000161,2017.81,-0.000119
20141104,-0.002762,2012.10,-0.002830
20141105,0.005923,2023.57,0.005701
20141106,0.004119,2031.21,0.003776
20141107,0.000677,2031.92,0.000350
20141110,0.003279,2038.26,0.003120
20141111,0.000677,2039.68,0.000697
20141112,-0.000444,2038.25,-0.000701
20141113,0.000912,2039.33,0.000530
20141114,0.000423,2039.82,0.000240
20141117,0.000814,2041.32,0.000735
20141118,0.005303,2051.80,0.005134
20141119,-0.001267,2048.72,-0.001501
20141120,0.001877,2052.75,0.001967
20141121,0.005325,2063.50,0.005237
20141124,0.002893,2069.41,0.002864
20141125,-0.001140,2067.03,-0.001150
20141126,0.003037,2072.83,0.002806
20141128,-0.002131,2067.56,-0.002542
20141201,-0.006999,2053.44,-0.006829
20141202,0.006352,2066.55,0.006384
20141203,0.003846,2074.33,0.003765
20141204,-0.001108,2071.92,-0.001162
20141205,0.001607,2075.37,0.001665
20141208,-0.007021,2060.31,-0.007257
20141209,-0.000191,2059.82,-0.000238
20141210,-0.016261,2026.14,-0.016351
20141211,0.004852,2035.33,0.004536
20141212,-0.016058,2002.33,-0.016214
20141215,-0.006143,1989.63,-0.006343
20141216,-0.008611,1972.74,-0.008489
20141217,0.020318,2012.89,0.020352
20141218,0.024296,2061.23,0.024015
20141219,0.004482,2070.65,0.004570
20141222,0.004086,2078.54,0.003810
20141223,0.001904,2082.17,0.001746
20141224,-0.000148,2081.88,-0.000139
20141226,0.003310,2088.77,0.003310
20141229,0.000948,2090.57,0.000862
20141230,-0.004736,2080.35,-0.004889
20141231,-0.010244,2058.90,-0.010311
20150102,-0.000165,2058.20,-0.000340
20150105,-0.018112,2020.58,-0.018278
20150106,-0.008869,2002.61,-0.008893
20150107,0.012110,2025.90,0.011630
20150108,0.017830,2062.14,0.017888
20150109,-0.008400,2044.81,-0.008404
20150112,-0.007980,2028.26,-0.008094
20150113,-0.002560,2023.03,-0.002579
20150114,-0.005905,2011.27,-0.005813
20150115,-0.009149,1992.67,-0.009248
20150116,0.013317,2019.42,0.013424
20150120,0.001686,2022.55,0.001550
20150121,0.004874,2032.12,0.004732
20150122,0.015301,2063.15,0.015270
20150123,-0.005362,2051.82,-0.005492
20150126,0.002496,2057.09,0.002568
20150127,-0.013292,2029.55,-0.013388
20150128,-0.013338,2002.16,-0.013496
20150129,0.009638,2021.25,0.009535
20150130,-0.012832,1994.99,-0.012992
20150202,0.012851,2020.85,0.012962
20150203,0.014306,2050.03,0.014439
20150204,-0.003814,2041.51,-0.004156
20150205,0.010546,2062.52,0.010291
20150206,-0.003109,2055.47,-0.003418
20150209,-0.004306,2046.74,-0.004247
20150210,0.010838,2068.59,0.010676
20150211,0.000204,2068.53,-0.000029
20150212,0.009823,2088.48,0.009645
20150213,0.004083,2096.99,0.004075
20150217,0.001687,2100.34,0.001598
20150218,-0.000186,2099.68,-0.000314
20150219,-0.000949,2097.45,-0.001062
20150220,0.006179,2110.30,0.006126
20150223,-0.000249,2109.66,-0.000303
20150224,0.002685,2115.48,0.002759
20150225,-0.000578,2113.86,-0.000766
20150226,-0.001256,2110.74,-0.001476
20150227,-0.002875,2104.50,-0.002956
20150302,0.006270,2117.39,0.006125
20150303,-0.004584,2107.78,-0.004539
20150304,-0.004182,2098.53,-0.004389
20150305,0.001384,2101.04,0.001196
20150306,-0.014191,2071.26,-0.014174
20150309,0.004038,2079.43,0.003944
20150310,-0.016802,2044.16,-0.016961
20150311,-0.001821,2040.24,-0.001918
20150312,0.012985,2065.95,0.012601
20150313,-0.005975,2053.40,-0.006075
20150316,0.013627,2081.19,0.013534
20150317,-0.003348,2074.28,-0.003320
20150318,0.012142,2099.50,0.012158
20150319,-0.004840,2089.27,-0.004873
20150320,0.009113,2108.10,0.009013
20150323,-0.001711,2104.42,-0.001746
20150324,-0.005943,2091.50,-0.006139
20150325,-0.014651,2061.05,-0.014559
20150326,-0.002283,2056.15,-0.002377
20150327,0.002482,2061.02,0.002369
20150330,0.012275,2086.24,0.012237
20150331,-0.008564,2067.89,-0.008796
20150401,-0.003964,2059.69,-0.003965
20150402,0.003517,2066.96,0.003530
20150406,0.006606,2080.62,0.006609
20150407,-0.002077,2076.33,-0.002062
20150408,0.003188,2081.90,0.002683
20150409,0.004435,2091.18,0.004457
20150410,0.005049,2102.06,0.005203
20150413,-0.004475,2092.43,-0.004581
20150414,0.001618,2095.84,0.001630
20150415,0.005081,2106.63,0.005148
20150416,-0.000811,2104.99,-0.000778
20150417,-0.011408,2081.18,-0.011311
20150420,0.009185,2100.40,0.009235
20150421,-0.001377,2097.29,-0.001481
20150422,0.005124,2107.96,0.005088
20150423,0.002476,2112.93,0.002358
20150424,0.002430,2117.69,0.002253
20150427,-0.004142,2108.92,-0.004141
20150428,0.002747,2114.76,0.002769
20150429,-0.003773,2106.85,-0.003740
20150430,-0.010055,2085.51,-0.010129
20150501,0.010831,2108.29,0.010923
20150504,0.002882,2114.49,0.002941
20150505,-0.011716,2089.46,-0.011837
20150506,-0.004029,2080.15,-0.004456
20150507,0.004091,2088.00,0.003774
20150508,0.013380,2116.10,0.013458
20150511,-0.004815,2105.33,-0.005090
20150512,-0.002810,2099.12,-0.002950
20150513,-0.000103,2098.48,-0.000305
20150514,0.010902,2121.10,0.010779
20150515,0.000819,2122.73,0.000768
20150518,0.003104,2129.20,0.003048
20150519,-0.000774,2127.83,-0.000643
20150520,-0.000843,2125.85,-0.000931
20150521,0.002523,2130.82,0.002338
20150522,-0.002228,2126.06,-0.002234
20150526,-0.010319,2104.20,-0.010282
20150527,0.009336,2123.48,0.009163
20150528,-0.001115,2120.79,-0.001267
20150529,-0.006246,2107.39,-0.006318
20150601,0.002189,2111.73,0.002059
20150602,-0.000941,2109.60,-0.001009
20150603,0.002344,2114.07,0.002119
20150604,-0.008604,2095.84,-0.008623
20150605,-0.001427,2092.83,-0.001436
20150608,-0.006372,2079.28,-0.006474
20150609,0.000510,2080.15,0.000418
20150610,0.012180,2105.20,0.012042
20150611,0.002003,2108.86,0.001739
20150612,-0.006905,2094.11,-0.006994
20150615,-0.004626,2084.43,-0.004622
20150616,0.005804,2096.29,0.005690
20150617,0.002029,2100.44,0.001980
20150618,0.009846,2121.24,0.009903
20150619,-0.005333,2109.99,-0.005304
20150622,0.006047,2122.85,0.006095
20150623,0.000747,2124.20,0.000636
20150624,-0.007301,2108.58,-0.007353
20150625,-0.002942,2102.31,-0.002974
20150626,-0.000170,2101.49,-0.000390
20150629,-0.020733,2057.64,-0.020866
20150630,0.002715,2063.11,0.002658
20150701,0.007103,2077.42,0.006936
20150702,-0.000255,2076.78,-0.000308
20150706,-0.003790,2068.76,-0.003862
20150707,0.006243,2081.34,0.006081
20150708,-0.016270,2046.68,-0.016653
20150709,0.002294,2051.31,0.002262
20150710,0.012365,2076.62,0.012338
20150713,0.011254,2099.60,0.011066
20150714,0.004466,2108.95,0.004453
20150715,-0.000920,2107.40,-0.000735
20150716,0.008094,2124.29,0.008015
20150717,0.001293,2126.64,0.001106
20150720,0.000878,2128.28,0.000771
20150721,-0.004271,2119.21,-0.004262
20150722,-0.002211,2114.15,-0.002388
20150723,-0.005694,2102.15,-0.005676
20150724,-0.010448,2079.65,-0.010703
20150727,-0.005735,2067.64,-0.005775
20150728,0.012287,2093.25,0.012386
20150729,0.007463,2108.57,0.007319
20150730,0.000173,2108.63,0.000028
20150731,-0.002188,2103.84,-0.002272
20150803,-0.002674,2098.04,-0.002757
20150804,-0.002135,2093.32,-0.002250
20150805,0.003722,2099.84,0.003115
20150806,-0.007521,2083.56,-0.007753
20150807,-0.003013,2077.57,-0.002875
20150810,0.012667,2104.18,0.012808
20150811,-0.009154,2084.07,-0.009557
20150812,0.001136,2086.05,0.000950
20150813,-0.001209,2083.39,-0.001275
20150814,0.003978,2091.54,0.003912
20150817,0.005274,2102.44,0.005211
20150818,-0.002598,2096.92,-0.002626
20150819,-0.008168,2079.61,-0.008255
20150820,-0.020963,2035.73,-0.021100
20150821,-0.031656,1970.89,-0.031851
20150824,-0.039372,1893.21,-0.039414
20150825,-0.013371,1867.61,-0.013522
20150826,0.039178,1940.51,0.039034
20150827,0.024267,1987.66,0.024298
20150828,0.000638,1988.87,0.000609
20150831,-0.008319,1972.18,-0.008392
20150901,-0.029419,1913.85,-0.029576
20150902,0.018473,1948.86,0.018293
20150903,0.001312,1951.13,0.001165
20150904,-0.015208,1921.22,-0.015330
20150908,0.025442,1969.41,0.025083
20150909,-0.013809,1942.04,-0.013898
20150910,0.005224,1952.29,0.005278
20150911,0.004920,1961.05,0.004487
20150914,-0.004017,1953.03,-0.004090
20150915,0.012701,1978.09,0.012831
20150916,0.008801,1995.31,0.008705
20150917,-0.002355,1990.20,-0.002561
20150918,-0.016077,1958.03,-0.016164
20150921,0.004610,1966.97,0.004566
20150922,-0.012320,1942.74,-0.012318
20150923,-0.002029,1938.76,-0.002049
20150924,-0.003418,1932.24,-0.003363
20150925,-0.000514,1931.34,-0.000466
20150928,-0.025485,1881.77,-0.025666
20150929,0.001182,1884.09,0.001233
20150930,0.019174,1920.03,0.019076
20151001,0.002083,1923.82,0.001974
20151002,0.014535,1951.36,0.014315
20151005,0.018311,1987.05,0.018290
20151006,-0.003619,1979.92,-0.003588
20151007,0.008414,1995.83,0.008036
20151008,0.008755,2013.43,0.008818
20151009,0.000816,2014.89,0.000725
20151012,0.001287,2017.46,0.001276
20151013,-0.006699,2003.69,-0.006825
20151014,-0.005229,1994.24,-0.004716
20151015,0.014745,2023.86,0.014853
20151016,0.004642,2033.11,0.004570
20151019,0.000199,2033.66,0.000271
20151020,-0.001495,2030.77,-0.001421
20151021,-0.005683,2018.94,-0.005825
20151022,0.016549,2052.51,0.016628
20151023,0.010928,2075.15,0.011030
20151026,-0.001801,2071.18,-0.001913
20151027,-0.002522,2065.89,-0.002554
20151028,0.011774,2090.35,0.011840
20151029,-0.000330,2089.41,-0.000450
20151030,-0.004718,2079.36,-0.004810
20151102,0.011687,2104.05,0.011874
20151103,0.002679,2109.79,0.002728
20151104,-0.003090,2102.31,-0.003545
20151105,-0.000744,2099.93,-0.001132
20151106,-0.000296,2099.20,-0.000348
20151109,-0.009597,2078.58,-0.009823
20151110,0.001874,2081.72,0.001511
20151111,-0.003284,2075.00,-0.003228
20151112,-0.013719,2045.97,-0.013990
20151113,-0.011285,2023.04,-0.011207
20151116,0.015160,2053.19,0.014903
20151117,-0.000952,2050.44,-0.001339
20151118,0.016253,2083.58,0.016162
20151119,-0.001080,2081.24,-0.001123
20151120,0.003930,2089.17,0.003810
20151123,-0.001019,2086.59,-0.001235
20151124,0.001202,2089.14,0.001222
20151125,0.000107,2088.87,-0.000129
20151127,0.000756,2090.11,0.000594
20151130,-0.004752,2080.41,-0.004641
20151201,0.010733,2102.63,0.010681
20151202,-0.010711,2079.51,-0.010996
20151203,-0.014242,2049.62,-0.014374
20151204,0.020367,2091.69,0.020526
20151207,-0.006789,2077.07,-0.006990
20151208,-0.006288,2063.59,-0.006490
20151209,-0.007690,2047.62,-0.007739
20151210,0.002337,2052.23,0.002251
20151211,-0.019273,2012.37,-0.019423
20151214,0.004951,2021.94,0.004756
20151215,0.010446,2043.41,0.010619
20151216,0.014690,2073.07,0.014515
20151217,-0.014958,2041.89,-0.015041
20151218,-0.017558,2005.55,-0.017797
20151221,0.007889,2021.15,0.007778
20151222,0.008941,2038.97,0.008817
20151223,0.012446,2064.29,0.012418
20151224,-0.001635,2060.99,-0.001599
20151228,-0.002082,2056.50,-0.002179
20151229,0.010906,2078.36,0.010630
20151230,-0.007063,2063.36,-0.007217
20151231,-0.009432,2043.94,-0.009412
20160104,-0.015190,2012.66,-0.015304
20160105,0.002134,2016.71,0.002012
20160106,-0.012566,1990.26,-0.013115
20160107,-0.023433,1943.09,-0.023700
20160108,-0.010898,1922.03,-0.010838
20160111,0.001055,1923.67,0.000853
20160112,0.007732,1938.68,0.007803
20160113,-0.025050,1890.28,-0.024965
20160114,0.016641,1921.84,0.016696
20160115,-0.021666,1880.33,-0.021599
20160119,0.000584,1881.33,0.000532
20160120,-0.011584,1859.33,-0.011694
20160121,0.005400,1868.99,0.005195
20160122,0.020313,1906.90,0.020284
20160125,-0.015346,1877.08,-0.015638
20160126,0.014103,1903.63,0.014144
20160127,-0.010767,1882.95,-0.010863
20160128,0.005788,1893.36,0.005529
20160129,0.024522,1940.24,0.024760
20160201,-0.000353,1939.38,-0.000443
20160202,-0.018668,1903.03,-0.018743
20160203,0.004892,1912.53,0.004992
20160204,0.001674,1915.45,0.001527
20160205,-0.018423,1880.05,-0.018481
20160208,-0.014244,1853.44,-0.014154
20160209,-0.000563,1852.21,-0.000664
20160210,0.000266,1851.86,-0.000189
20160211,-0.011938,1829.08,-0.012301
20160212,0.019408,1864.78,0.019518
20160216,0.016836,1895.58,0.016517
20160217,0.016645,1926.82,0.016480
20160218,-0.004807,1917.83,-0.004666
20160219,0.000267,1917.78,-0.000026
20160222,0.014515,1945.50,0.014454
20160223,-0.012147,1921.27,-0.012454
20160224,0.004499,1929.80,0.004440
20160225,0.011663,1951.70,0.011348
20160226,-0.001762,1948.05,-0.001870
20160229,-0.008096,1932.23,-0.008121
20160301,0.023751,1978.35,0.023869
20160302,0.004158,1986.45,0.004094
20160303,0.003601,1993.40,0.003499
20160304,0.003277,1999.99,0.003306
20160307,0.000897,2001.76,0.000885
20160308,-0.010939,1979.26,-0.011240
20160309,0.005140,1989.26,0.005052
20160310,0.000210,1989.57,0.000156
20160311,0.016578,2022.19,0.016396
20160314,-0.001083,2019.64,-0.001261
20160315,-0.001833,2015.93,-0.001837
20160316,0.005770,2027.22,0.005600
20160317,0.006394,2040.59,0.006595
20160318,0.004326,2049.58,0.004406
20160321,0.001002,2051.60,0.000986
20160322,-0.000759,2049.80,-0.000877
20160323,-0.006336,2036.71,-0.006386
20160324,-0.000324,2035.94,-0.000378
20160328,0.000579,2037.05,0.000545
20160329,0.008996,2055.01,0.008817
20160330,0.004496,2063.95,0.004350
20160331,-0.002030,2059.74,-0.002040
20160401,0.006388,2072.78,0.006331
20160404,-0.003057,2066.13,-0.003208
20160405,-0.010146,2045.17,-0.010145
20160406,0.010860,2066.66,0.010508
20160407,-0.011989,2041.91,-0.011976
20160408,0.002779,2047.60,0.002787
20160411,-0.002804,2041.99,-0.002740
20160412,0.009759,2061.72,0.009662
20160413,0.010090,2082.42,0.010040
20160414,0.000235,2082.78,0.000173
20160415,-0.000877,2080.73,-0.000984
20160418,0.006640,2094.34,0.006541
20160419,0.002914,2100.80,0.003085
20160420,0.000740,2102.40,0.000762
20160421,-0.005230,2091.48,-0.005194
20160422,0.000019,2091.58,0.000048
20160425,-0.001657,2087.79,-0.001812
20160426,0.001775,2091.70,0.001873
20160427,0.001740,2095.15,0.001649
20160428,-0.009142,2075.81,-0.009231
20160429,-0.004948,2065.30,-0.005063
20160502,0.007958,2081.43,0.007810
20160503,-0.008675,2063.37,-0.008677
20160504,-0.005600,2051.12,-0.005937
20160505,0.000095,2050.63,-0.000239
20160506,0.003474,2057.14,0.003175
20160509,0.000921,2058.69,0.000753
20160510,0.012501,2084.39,0.012484
20160511,-0.009117,2064.46,-0.009562
20160512,0.000048,2064.11,-0.000170
20160513,-0.008524,2046.61,-0.008478
20160516,0.009907,2066.66,0.009797
20160517,-0.009345,2047.21,-0.009411
20160518,0.000047,2047.63,0.000205
20160519,-0.003166,2040.04,-0.003707
20160520,0.006168,2052.32,0.006019
20160523,-0.002063,2048.04,-0.002085
20160524,0.013685,2076.06,0.013681
20160525,0.006974,2090.54,0.006975
20160526,-0.000039,2090.10,-0.000210
20160527,0.004409,2099.06,0.004287
20160531,-0.000821,2096.96,-0.001000
20160601,0.001266,2099.33,0.001130
20160602,0.002911,2105.26,0.002825
20160603,-0.002827,2099.13,-0.002912
20160606,0.004856,2109.41,0.004897
20160607,0.001246,2112.13,0.001289
20160608,0.003516,2119.12,0.003309
20160609,-0.001697,2115.48,-0.001718
20160610,-0.009141,2096.07,-0.009175
20160613,-0.007757,2079.06,-0.008115
20160614,-0.001673,2075.32,-0.001799
20160615,-0.001711,2071.50,-0.001841
20160616,0.003261,2077.99,0.003133
20160617,-0.003229,2071.22,-0.003258
20160620,0.005859,2083.25,0.005808
20160621,0.002732,2088.90,0.002712
20160622,-0.001645,2085.45,-0.001652
20160623,0.013333,2113.32,0.013364
20160624,-0.035723,2037.41,-0.035920
20160627,-0.018012,2000.54,-0.018097
20160628,0.017816,2036.09,0.017770
20160629,0.017256,2070.77,0.017033
20160630,0.013529,2098.86,0.013565
20160701,0.002169,2102.95,0.001949
20160705,-0.006639,2088.55,-0.006848
20160706,0.005709,2099.73,0.005353
20160707,-0.000774,2097.90,-0.000872
20160708,0.015192,2129.90,0.015253
20160711,0.003447,2137.16,0.003409
20160712,0.006791,2152.14,0.007009
20160713,0.000253,2152.43,0.000135
20160714,0.005231,2163.75,0.005259
20160715,-0.000962,2161.74,-0.000929
20160718,0.002433,2166.89,0.002382
20160719,-0.001407,2163.78,-0.001435
20160720,0.004373,2173.02,0.004270
20160721,-0.003588,2165.17,-0.003612
20160722,0.004509,2175.03,0.004554
20160725,-0.002880,2168.48,-0.003011
20160726,0.000199,2169.18,0.000323
20160727,-0.001334,2166.58,-0.001199
20160728,0.001742,2170.06,0.001606
20160729,0.001739,2173.60,0.001631
20160801,-0.001183,2170.84,-0.001270
20160802,-0.006411,2157.03,-0.006362
20160803,0.003364,2163.79,0.003134
20160804,0.000503,2164.25,0.000213
20160805,0.008638,2182.87,0.008603
20160808,-0.000817,2180.89,-0.000907
20160809,0.000379,2181.74,0.000390
20160810,-0.002326,2175.49,-0.002865
20160811,0.004847,2185.79,0.004735
20160812,-0.000708,2184.05,-0.000796
20160815,0.002835,2190.15,0.002793
20160816,-0.005339,2178.15,-0.005479
20160817,0.002046,2182.22,0.001869
20160818,0.002338,2187.02,0.002200
20160819,-0.001407,2183.87,-0.001440
20160822,-0.000531,2182.64,-0.000563
20160823,0.001901,2186.90,0.001952
20160824,-0.005186,2175.44,-0.005240
20160825,-0.001417,2172.47,-0.001365
20160826,-0.001507,2169.04,-0.001579
20160829,0.005327,2180.38,0.005228
20160830,-0.001856,2176.12,-0.001954
20160831,-0.002113,2170.95,-0.002376
20160901,0.000062,2170.86,-0.000041
20160902,0.004168,2179.98,0.004201
20160906,0.003044,2186.48,0.002982
20160907,0.000048,2186.16,-0.000146
20160908,-0.002212,2181.30,-0.002223
20160909,-0.024631,2127.81,-0.024522
20160912,0.014850,2159.04,0.014677
20160913,-0.014479,2127.02,-0.014831
20160914,-0.000556,2125.77,-0.000588
20160915,0.010268,2147.26,0.010109
20160916,-0.003711,2139.16,-0.003772
20160919,-0.000096,2139.12,-0.000019
20160920,0.000339,2139.76,0.000299
20160921,0.010843,2163.12,0.010917
20160922,0.006607,2177.18,0.006500
20160923,-0.005616,2164.69,-0.005737
20160926,-0.008566,2146.10,-0.008588
20160927,0.006602,2159.93,0.006444
20160928,0.005421,2171.37,0.005296
20160929,-0.009336,2151.13,-0.009321
20160930,0.008020,2168.27,0.007968
20161003,-0.003092,2161.20,-0.003261
20161004,-0.004863,2150.49,-0.004956
20161005,0.004640,2159.73,0.004297
20161006,0.000282,2160.77,0.000482
20161007,-0.003269,2153.74,-0.003253
20161010,0.004571,2163.66,0.004606
20161011,-0.012473,2136.73,-0.012447
20161012,0.001211,2139.18,0.001147
20161013,-0.002939,2132.55,-0.003099
20161014,0.000234,2132.98,0.000202
20161017,-0.003031,2126.50,-0.003038
20161018,0.006190,2139.60,0.006160
20161019,0.002284,2144.29,0.002192
20161020,-0.001259,2141.34,-0.001376
20161021,0.000169,2141.16,-0.000084
20161024,0.004968,2151.33,0.004750
20161025,-0.003734,2143.16,-0.003798
20161026,-0.001806,2139.43,-0.001740
20161027,-0.002978,2133.04,-0.002987
20161028,-0.003027,2126.41,-0.003108
20161031,0.000017,2126.15,-0.000122
20161101,-0.006804,2111.72,-0.006787
20161102,-0.006457,2097.94,-0.006525
20161103,-0.004079,2088.66,-0.004423
20161104,-0.001766,2085.18,-0.001666
20161107,0.022186,2131.52,0.022224
20161108,0.004279,2139.56,0.003772
20161109,0.010919,2163.26,0.011077
20161110,0.001676,2167.48,0.001951
20161111,-0.001388,2164.45,-0.001398
20161114,-0.000078,2164.20,-0.000116
20161115,0.007828,2180.39,0.007481
20161116,-0.001269,2176.94,-0.001582
20161117,0.004581,2187.12,0.004676
20161118,-0.002340,2181.90,-0.002387
20161121,0.007546,2198.18,0.007461
20161122,0.002337,2202.94,0.002165
20161123,0.000806,2204.72,0.000808
20161125,0.003954,2213.35,0.003914
20161128,-0.005090,2201.72,-0.005254
20161129,0.001574,2204.66,0.001335
20161130,-0.002682,2198.81,-0.002653
20161201,-0.003684,2191.08,-0.003516
20161202,0.000426,2191.95,0.000397
20161205,0.005921,2204.71,0.005821
20161206,0.003436,2212.23,0.003411
20161207,0.013385,2241.35,0.013163
20161208,0.002241,2246.19,0.002159
20161209,0.005862,2259.53,0.005939
20161212,-0.001109,2256.96,-0.001137
20161213,0.006688,2271.72,0.006540
20161214,-0.008034,2253.28,-0.008117
20161215,0.003830,2262.03,0.003883
20161216,-0.001763,2258.07,-0.001751
20161219,0.002005,2262.53,0.001975
20161220,0.003783,2270.76,0.003638
20161221,-0.002423,2265.18,-0.002457
20161222,-0.001929,2260.96,-0.001863
20161223,0.001354,2263.79,0.001252
20161227,0.002297,2268.88,0.002248
20161228,-0.008145,2249.92,-0.008357
20161229,-0.000246,2249.26,-0.000293
20161230,-0.004634,2238.83,-0.004637
20170103,0.008524,2257.83,0.008487
20170104,0.006017,2270.75,0.005722
20170105,-0.000701,2269.00,-0.000771
20170106,0.003721,2276.98,0.003517
20170109,-0.003469,2268.90,-0.003549
20170110,-0.000013,2268.90,0.000000
20170111,0.002982,2275.32,0.002830
20170112,-0.002043,2270.44,-0.002145
20170113,0.001778,2274.64,0.001850
20170117,-0.002746,2267.89,-0.002968
20170118,0.001894,2271.89,0.001764
20170119,-0.003551,2263.69,-0.003609
20170120,0.003397,2271.31,0.003366
20170123,-0.002582,2265.20,-0.002690
20170124,0.006610,2280.07,0.006565
20170125,0.007907,2298.37,0.008026
20170126,-0.000680,2296.68,-0.000735
20170127,-0.000971,2294.69,-0.000866
20170130,-0.005914,2280.90,-0.006010
20170131,-0.000820,2278.87,-0.000890
20170201,0.000408,2279.55,0.000298
20170202,0.000709,2280.85,0.000570
20170203,0.007206,2297.42,0.007265
20170206,-0.002143,2292.56,-0.002115
20170207,0.000334,2293.08,0.000227
20170208,0.001084,2294.67,0.000693
20170209,0.005981,2307.87,0.005752
20170210,0.003575,2316.10,0.003566
20170213,0.005383,2328.25,0.005246
20170214,0.004298,2337.58,0.004007
20170215,0.005146,2349.25,0.004992
20170216,-0.000909,2347.22,-0.000864
20170217,0.002005,2351.16,0.001679
20170221,0.006131,2365.38,0.006048
20170222,-0.001011,2362.82,-0.001082
20170223,0.000395,2363.81,0.000419
20170224,0.001748,2367.34,0.001493
20170227,0.001030,2369.75,0.001018
20170228,-0.002684,2363.64,-0.002578
20170301,0.013612,2395.96,0.013674
20170302,-0.005670,2381.92,-0.005860
20170303,0.000452,2383.12,0.000504
20170306,-0.003245,2375.31,-0.003277
20170307,-0.002858,2368.39,-0.002913
20170308,-0.001883,2362.98,-0.002284
20170309,0.000825,2364.87,0.000800
20170310,0.003283,2372.60,0.003269
20170313,0.000669,2373.47,0.000367
20170314,-0.003223,2365.45,-0.003379
20170315,0.008363,2385.26,0.008375
20170316,-0.001362,2381.38,-0.001627
20170317,-0.001342,2378.25,-0.001314
20170320,-0.002016,2373.47,-0.002010
20170321,-0.012262,2344.02,-0.012408
20170322,0.001926,2348.45,0.001890
20170323,-0.001041,2345.96,-0.001060
20170324,-0.000811,2343.98,-0.000844
20170327,-0.000943,2341.59,-0.001020
20170328,0.007258,2358.57,0.007251
20170329,0.001449,2361.13,0.001085
20170330,0.002962,2368.06,0.002935
20170331,-0.002145,2362.72,-0.002255
20170403,-0.001601,2358.84,-0.001642
20170404,0.000741,2360.16,0.000560
20170405,-0.002921,2352.95,-0.003055
20170406,0.002122,2357.49,0.001929
20170407,-0.000729,2355.54,-0.000827
20170410,0.000785,2357.16,0.000688
20170411,-0.001251,2353.78,-0.001434
20170412,-0.003692,2344.93,-0.003760
20170413,-0.006767,2328.95,-0.006815
20170417,0.008592,2349.01,0.008613
20170418,-0.002756,2342.19,-0.002903
20170419,-0.001583,2338.17,-0.001716
20170420,0.007563,2355.84,0.007557
20170421,-0.003016,2348.69,-0.003035
20170424,0.010778,2374.15,0.010840
20170425,0.005989,2388.61,0.006091
20170426,-0.000463,2387.45,-0.000486
20170427,0.000718,2388.77,0.000553
20170428,-0.001755,2384.20,-0.001913
20170501,0.001752,2388.33,0.001732
20170502,0.001156,2391.17,0.001189
20170503,-0.001165,2388.13,-0.001271
20170504,0.000778,2389.52,0.000582
20170505,0.004036,2399.29,0.004089
20170508,0.000120,2399.38,0.000038
20170509,-0.000840,2396.92,-0.001025
20170510,0.001544,2399.63,0.001131
20170511,-0.001886,2394.44,-0.002163
20170512,-0.001505,2390.90,-0.001478
20170515,0.004893,2402.32,0.004776
20170516,-0.000532,2400.67,-0.000687
20170517,-0.017765,2357.03,-0.018178
20170518,0.003894,2365.72,0.003687
20170519,0.006803,2381.73,0.006767
20170522,0.005194,2394.02,0.005160
20170523,0.001866,2398.42,0.001838
20170524,0.002619,2404.39,0.002489
20170525,0.004637,2415.07,0.004442
20170526,0.000442,2415.82,0.000311
20170530,-0.001077,2412.91,-0.001205
20170531,-0.000246,2411.80,-0.000460
20170601,0.007790,2430.06,0.007571
20170602,0.003729,2439.07,0.003708
20170605,-0.001125,2436.10,-0.001218
20170606,-0.002917,2429.33,-0.002779
20170607,0.001804,2433.14,0.001568
20170608,0.000242,2433.79,0.000267
20170609,-0.001078,2431.77,-0.000830
20170612,-0.000905,2429.39,-0.000979
20170613,0.004788,2440.35,0.004511
20170614,-0.000869,2437.92,-0.000996
20170615,-0.002126,2432.46,-0.002240
20170616,-0.000004,2433.15,0.000284
20170619,0.008362,2453.46,0.008347
20170620,-0.006614,2437.03,-0.006697
20170621,-0.000311,2435.61,-0.000583
20170622,-0.000292,2434.50,-0.000456
20170623,0.001557,2438.30,0.001561
20170626,0.000369,2439.07,0.000316
20170627,-0.008077,2419.38,-0.008073
20170628,0.008989,2440.69,0.008808
20170629,-0.008639,2419.70,-0.008600
20170630,0.001448,2423.41,0.001533
20170703,0.002172,2429.01,0.002311
20170705,0.001723,2432.54,0.001453
20170706,-0.008985,2409.75,-0.009369
20170707,0.006416,2425.18,0.006403
20170710,0.000841,2427.43,0.000928
20170711,-0.000699,2425.53,-0.000783
20170712,0.007441,2443.25,0.007306
20170713,0.001951,2447.83,0.001875
20170714,0.004780,2459.27,0.004674
20170717,-0.000049,2459.14,-0.000053
20170718,0.000620,2460.61,0.000598
20170719,0.005406,2473.83,0.005373
20170720,-0.000002,2473.45,-0.000154
20170721,-0.000323,2472.54,-0.000368
20170724,-0.000930,2469.91,-0.001064
20170725,0.002977,2477.13,0.002923
20170726,0.000367,2477.83,0.000283
20170727,-0.000869,2475.42,-0.000973
20170728,-0.001417,2472.10,-0.001341
20170731,-0.000852,2470.30,-0.000728
20170801,0.002376,2476.35,0.002449
20170802,0.000468,2477.57,0.000493
20170803,-0.002013,2472.16,-0.002184
20170804,0.001812,2476.83,0.001889
20170807,0.001737,2480.91,0.001647
20170808,-0.002294,2474.92,-0.002414
20170809,-0.000307,2474.02,-0.000364
20170810,-0.014158,2438.21,-0.014474
20170811,0.001418,2441.32,0.001276
20170814,0.010084,2465.84,0.010044
20170815,-0.000278,2464.61,-0.000499
20170816,0.001705,2468.11,0.001420
20170817,-0.015426,2430.01,-0.015437
20170818,-0.001856,2425.55,-0.001835
20170821,0.001212,2428.37,0.001163
20170822,0.009940,2452.51,0.009941
20170823,-0.003371,2444.04,-0.003454
20170824,-0.002188,2438.97,-0.002074
20170825,0.001694,2443.05,0.001673
20170828,0.000432,2444.24,0.000487
20170829,0.001036,2446.30,0.000843
20170830,0.004883,2457.59,0.004615
20170831,0.005670,2471.65,0.005721
20170901,0.002032,2476.55,0.001982
20170905,-0.007371,2457.85,-0.007551
20170906,0.003125,2465.54,0.003129
20170907,0.000169,2465.10,-0.000178
20170908,-0.001551,2461.43,-0.001489
20170911,0.010761,2488.11,0.010839
20170912,0.003469,2496.48,0.003364
20170913,0.000841,2498.37,0.000757
20170914,-0.000843,2495.62,-0.001101
20170915,0.001692,2500.23,0.001847
20170918,0.001354,2503.87,0.001456
20170919,0.001015,2506.65,0.001110
20170920,0.000675,2508.24,0.000634
20170921,-0.003020,2500.60,-0.003046
20170922,0.000616,2502.22,0.000648
20170925,-0.002247,2496.66,-0.002222
20170926,0.000224,2496.84,0.000072
20170927,0.004093,2507.04,0.004085
20170928,0.001397,2510.06,0.001205
20170929,0.003660,2519.36,0.003705
20171002,0.003877,2529.12,0.003874
20171003,0.002259,2534.58,0.002159
20171004,0.001291,2537.74,0.001247
20171005,0.005880,2552.07,0.005647
20171006,-0.000768,2549.33,-0.001074
20171009,-0.001758,2544.73,-0.001804
20171010,0.002565,2550.64,0.002322
20171011,0.001959,2555.24,0.001803
20171012,-0.001502,2550.93,-0.001687
20171013,0.000898,2553.17,0.000878
20171016,0.001685,2557.64,0.001751
20171017,0.000645,2559.36,0.000672
20171018,0.000807,2561.26,0.000742
20171019,0.000345,2562.10,0.000328
20171020,0.005192,2575.21,0.005117
20171023,-0.003903,2564.98,-0.003972
20171024,0.001649,2569.13,0.001618
20171025,-0.004605,2557.15,-0.004663
20171026,0.001247,2560.40,0.001271
20171027,0.008374,2581.07,0.008073
20171030,-0.003219,2572.83,-0.003192
20171031,0.001062,2575.26,0.000944
20171101,0.001601,2579.36,0.001592
20171102,0.000333,2579.85,0.000190
20171103,0.003278,2587.84,0.003097
20171106,0.001301,2591.13,0.001271
20171107,-0.000092,2590.64,-0.000189
20171108,0.001637,2594.38,0.001444
20171109,-0.003541,2584.62,-0.003762
20171110,-0.000429,2582.30,-0.000898
20171113,0.001019,2584.84,0.000984
20171114,-0.002001,2578.87,-0.002310
20171115,-0.005351,2564.62,-0.005526
20171116,0.009226,2585.64,0.008196
20171117,-0.002675,2578.85,-0.002626
20171120,0.001258,2582.14,0.001276
20171121,0.006422,2599.03,0.006541
20171122,-0.000617,2597.08,-0.000750
20171124,0.002211,2602.42,0.002056
20171127,-0.000270,2601.42,-0.000384
20171128,0.009686,2627.04,0.009848
20171129,-0.000280,2626.07,-0.000369
20171130,0.008424,2647.58,0.008191
20171201,-0.002015,2642.22,-0.002024
20171204,-0.001111,2639.44,-0.001052
20171205,-0.003580,2629.57,-0.003739
20171206,-0.000017,2629.27,-0.000114
20171207,0.003135,2636.98,0.002932
20171208,0.005568,2651.50,0.005506
20171211,0.003180,2659.99,0.003202
20171212,0.001538,2664.11,0.001549
20171213,-0.000367,2662.85,-0.000473
20171214,-0.003837,2652.01,-0.004071
20171215,0.008871,2675.81,0.008974
20171218,0.005425,2690.16,0.005363
20171219,-0.003125,2681.47,-0.003230
20171220,-0.000778,2679.25,-0.000828
20171221,0.001918,2684.57,0.001986
20171222,-0.000401,2683.34,-0.000458
20171226,-0.000854,2680.50,-0.001058
20171227,0.000805,2682.62,0.000791
20171228,0.002006,2687.54,0.001834
20171229,-0.005153,2673.61,-0.005183
20180102,0.008278,2695.81,0.008303
20180103,0.006438,2713.06,0.006399
20180104,0.004242,2723.99,0.004029
20180105,0.007046,2743.15,0.007034
20180108,0.001809,2747.71,0.001662
20180109,0.001561,2751.29,0.001303
20180110,-0.001224,2748.23,-0.001112
20180111,0.007104,2767.56,0.007034
20180112,0.006827,2786.24,0.006750
20180116,-0.003477,2776.42,-0.003524
20180117,0.009444,2802.56,0.009415
20180118,-0.001441,2798.03,-0.001616
20180119,0.004494,2810.30,0.004385
20180122,0.008095,2832.97,0.008067
20180123,0.002332,2839.13,0.002174
20180124,-0.000505,2837.54,-0.000560
20180125,0.000746,2839.25,0.000603
20180126,0.011833,2872.87,0.011841
20180129,-0.006455,2853.53,-0.006732
20180130,-0.010750,2822.43,-0.010899
20180131,0.000477,2823.81,0.000489
20180201,-0.000802,2821.98,-0.000648
20180202,-0.020820,2762.13,-0.021209
20180205,-0.040869,2648.94,-0.040979
20180206,0.017497,2695.14,0.017441
20180207,-0.004850,2681.66,-0.005002
20180208,-0.037319,2581.00,-0.037536
20180209,0.014951,2619.55,0.014936
20180212,0.013963,2656.00,0.013915
20180213,0.002875,2662.94,0.002613
20180214,0.013778,2698.63,0.013402
20180215,0.012212,2731.20,0.012069
20180216,0.000438,2732.22,0.000373
20180220,-0.006364,2716.26,-0.005841
20180221,-0.005479,2701.33,-0.005497
20180222,0.001099,2703.96,0.000974
20180223,0.015958,2747.30,0.016028
20180226,0.011616,2779.60,0.011757
20180227,-0.012648,2744.28,-0.012707
20180228,-0.010905,2713.83,-0.011096
20180301,-0.013175,2677.67,-0.013324
20180302,0.005148,2691.25,0.005072
20180305,0.011092,2720.94,0.011032
20180306,0.002668,2728.12,0.002639
20180307,-0.000409,2726.80,-0.000484
20180308,0.004787,2738.97,0.004463
20180309,0.017286,2786.57,0.017379
20180312,-0.001205,2783.02,-0.001274
20180313,-0.006243,2765.31,-0.006364
20180314,-0.005415,2749.48,-0.005724
20180315,-0.000838,2747.33,-0.000782
20180316,0.001796,2752.01,0.001703
20180319,-0.014157,2712.92,-0.014204
20180320,0.001355,2716.94,0.001482
20180321,-0.001780,2711.93,-0.001844
20180322,-0.025057,2643.69,-0.025163
20180323,-0.020962,2588.26,-0.020967
20180326,0.027133,2658.55,0.027157
20180327,-0.017408,2612.62,-0.017276
20180328,-0.002816,2605.00,-0.002917
20180329,0.013847,2640.87,0.013770
20180402,-0.022603,2581.88,-0.022337
20180403,0.012581,2614.45,0.012615
20180404,0.011636,2644.69,0.011566
20180405,0.007132,2662.84,0.006863
20180406,-0.021919,2604.47,-0.021920
20180409,0.003559,2613.16,0.003337
20180410,0.016597,2656.87,0.016727
20180411,-0.005493,2642.19,-0.005525
20180412,0.008280,2663.99,0.008251
20180413,-0.002918,2656.30,-0.002887
20180416,0.008187,2677.84,0.008109
20180417,0.010819,2706.39,0.010662
20180418,0.000885,2708.64,0.000831
20180419,-0.005289,2693.13,-0.005726
20180420,-0.008536,2670.14,-0.008537
20180423,-0.000043,2670.29,0.000056
20180424,-0.013428,2634.56,-0.013381
20180425,0.001845,2639.40,0.001837
20180426,0.010462,2666.94,0.010434
20180427,0.001203,2669.91,0.001114
20180430,-0.007996,2648.05,-0.008188
20180501,0.002453,2654.80,0.002549
20180502,-0.007358,2635.67,-0.007206
20180503,-0.002101,2629.73,-0.002254
20180504,0.012933,2663.42,0.012811
20180507,0.003380,2672.63,0.003458
20180508,-0.000218,2671.92,-0.000266
20180509,0.009517,2697.79,0.009682
20180510,0.009527,2723.07,0.009371
20180511,0.002117,2727.72,0.001708
20180514,0.000948,2730.13,0.000884
20180515,-0.006736,2711.45,-0.006842
20180516,0.004428,2722.46,0.004061
20180517,-0.000679,2720.13,-0.000856
20180518,-0.002632,2712.97,-0.002632
20180521,0.007425,2733.01,0.007387
20180522,-0.003195,2724.44,-0.003136
20180523,0.003406,2733.29,0.003248
20180524,-0.001959,2727.76,-0.002023
20180525,-0.002170,2721.33,-0.002357
20180529,-0.011460,2689.86,-0.011564
20180530,0.012907,2724.01,0.012696
20180531,-0.006667,2705.27,-0.006880
20180601,0.010939,2734.62,0.010849
20180604,0.004780,2746.87,0.004480
20180605,0.000746,2748.80,0.000703
20180606,0.008543,2772.35,0.008567
20180607,-0.000614,2770.37,-0.000714
20180608,0.003144,2779.03,0.003126
20180611,0.001203,2782.00,0.001069
20180612,0.001816,2786.85,0.001743
20180613,-0.003889,2775.63,-0.004026
20180614,0.002793,2782.49,0.002472
20180615,-0.000888,2779.66,-0.001017
20180618,-0.002020,2773.75,-0.002126
20180619,-0.003911,2762.59,-0.004023
20180620,0.001673,2767.32,0.001712
20180621,-0.006173,2749.76,-0.006345
20180622,0.001881,2754.88,0.001862
20180625,-0.013621,2717.07,-0.013725
20180626,0.002200,2723.06,0.002205
20180627,-0.008635,2699.63,-0.008604
20180628,0.006236,2716.31,0.006179
20180629,0.000819,2718.37,0.000758
20180702,0.002994,2726.71,0.003068
20180703,-0.004886,2713.22,-0.004947
20180705,0.008779,2736.61,0.008621
20180706,0.008510,2759.82,0.008481
20180709,0.009223,2784.17,0.008823
20180710,0.003518,2793.84,0.003473
20180711,-0.006999,2774.02,-0.007094
20180712,0.008888,2798.29,0.008749
20180713,0.001186,2801.31,0.001079
20180716,-0.000954,2798.43,-0.001028
20180717,0.004152,2809.55,0.003974
20180718,0.001869,2815.62,0.002160
20180719,-0.003890,2804.49,-0.003953
20180720,-0.000864,2801.83,-0.000948
20180723,0.001797,2806.98,0.001838
20180724,0.004859,2820.40,0.004781
20180725,0.009146,2846.07,0.009102
20180726,-0.003051,2837.44,-0.003032
20180727,-0.006494,2818.82,-0.006562
20180730,-0.005769,2802.60,-0.005754
20180731,0.004808,2816.29,0.004885
20180801,-0.001194,2813.36,-0.001040
20180802,0.005090,2827.22,0.004926
20180803,0.004861,2840.35,0.004644
20180806,0.003469,2850.40,0.003538
20180807,0.002771,2858.45,0.002824
20180808,-0.000208,2857.70,-0.000262
20180809,-0.001117,2853.58,-0.001442
20180810,-0.006687,2833.28,-0.007114
20180813,-0.003947,2821.93,-0.004006
20180814,0.006620,2839.96,0.006389
20180815,-0.007539,2818.37,-0.007602
20180816,0.008630,2840.69,0.007919
20180817,0.003340,2850.13,0.003323
20180820,0.002357,2857.05,0.002428
20180821,0.002052,2862.96,0.002069
20180822,-0.000295,2861.82,-0.000398
20180823,-0.001718,2856.98,-0.001691
20180824,0.006145,2874.69,0.006199
20180827,0.007753,2896.74,0.007670
20180828,0.000302,2897.52,0.000269
20180829,0.005908,2914.04,0.005701
20180830,-0.004273,2901.13,-0.004430
20180831,0.000257,2901.52,0.000134
20180904,-0.001553,2896.72,-0.001654
20180905,-0.002925,2888.60,-0.002803
20180906,-0.003484,2878.05,-0.003652
20180907,-0.002198,2871.68,-0.002213
20180910,0.001961,2877.13,0.001898
20180911,0.003861,2887.89,0.003740
20180912,0.000385,2888.92,0.000357
20180913,0.005413,2904.18,0.005282
20180914,0.000355,2904.98,0.000275
20180917,-0.005689,2888.80,-0.005570
20180918,0.005377,2904.31,0.005369
20180919,0.001158,2907.95,0.001253
20180920,0.007913,2930.75,0.007841
20180921,-0.000432,2929.67,-0.000369
20180924,-0.003476,2919.37,-0.003516
20180925,-0.001081,2915.56,-0.001305
20180926,-0.003269,2905.97,-0.003289
20180927,0.002975,2914.00,0.002763
20180928,-0.000004,2913.98,-0.000007
20181001,0.003580,2924.59,0.003641
20181002,-0.000503,2923.43,-0.000397
20181003,0.000547,2925.51,0.000711
20181004,-0.008027,2901.61,-0.008170
20181005,-0.005596,2885.57,-0.005528
20181008,-0.000374,2884.43,-0.000395
20181009,-0.001132,2880.34,-0.001418
20181010,-0.032810,2785.68,-0.032864
20181011,-0.020415,2728.37,-0.020573
20181012,0.014451,2767.13,0.014206
20181015,-0.005826,2750.79,-0.005905
20181016,0.021537,2809.92,0.021496
20181017,-0.000107,2809.21,-0.000253
20181018,-0.014414,2768.78,-0.014392
20181019,-0.000223,2767.78,-0.000361
20181022,-0.004162,2755.88,-0.004299
20181023,-0.005335,2740.69,-0.005512
20181024,-0.030793,2656.10,-0.030864
20181025,0.018863,2705.57,0.018625
20181026,-0.017528,2658.69,-0.017327
20181029,-0.006758,2641.25,-0.006560
20181030,0.015768,2682.63,0.015667
20181031,0.010898,2711.74,0.010851
20181101,0.010772,2740.37,0.010558
20181102,-0.006303,2723.06,-0.006317
20181105,0.005278,2738.31,0.005600
20181106,0.006261,2755.45,0.006259
20181107,0.021376,2813.89,0.021209
20181108,-0.001915,2806.83,-0.002509
20181109,-0.008872,2781.01,-0.009199
20181112,-0.019730,2726.22,-0.019701
20181113,-0.001557,2722.18,-0.001482
20181114,-0.007426,2701.58,-0.007567
20181115,0.010784,2730.20,0.010594
20181116,0.002068,2736.27,0.002223
20181119,-0.016794,2690.73,-0.016643
20181120,-0.017964,2641.89,-0.018151
20181121,0.003220,2649.93,0.003043
20181123,-0.006254,2632.56,-0.006555
20181126,0.015662,2673.45,0.015532
20181127,0.003142,2682.17,0.003262
20181128,0.023219,2743.79,0.022974
20181129,-0.002023,2737.76,-0.002198
20181130,0.008354,2760.17,0.008186
20181203,0.011168,2790.37,0.010941
20181204,-0.032406,2700.06,-0.032365
20181206,-0.001166,2695.95,-0.001522
20181207,-0.023289,2633.08,-0.023320
20181210,0.001836,2637.72,0.001762
20181211,-0.000315,2636.78,-0.000356
20181212,0.005438,2651.07,0.005419
20181213,-0.000162,2650.54,-0.000200
20181214,-0.018966,2599.95,-0.019087
20181217,-0.020806,2545.94,-0.020773
20181218,0.000361,2546.16,0.000086
20181219,-0.015413,2506.96,-0.015396
20181220,-0.015962,2467.42,-0.015772
20181221,-0.020924,2416.62,-0.020588
20181224,-0.026912,2351.10,-0.027112
20181226,0.049762,2467.70,0.049594
20181227,0.008541,2488.83,0.008563
20181228,-0.001050,2485.74,-0.001242
20181231,0.008649,2506.85,0.008492
20190102,0.001449,2510.03,0.001269
20190103,-0.024185,2447.89,-0.024757
20190104,0.034411,2531.94,0.034336
20190107,0.007184,2549.69,0.007010
20190108,0.009812,2574.41,0.009695
20190109,0.004378,2584.96,0.004098
20190110,0.004437,2596.64,0.004518
20190111,-0.000186,2596.26,-0.000146
20190114,-0.005098,2582.61,-0.005258
20190115,0.010897,2610.30,0.010722
20190116,0.002342,2616.10,0.002222
20190117,0.007688,2635.96,0.007591
20190118,0.013054,2670.71,0.013183
20190122,-0.014128,2632.90,-0.014157
20190123,0.002240,2638.70,0.002203
20190124,0.001365,2642.33,0.001376
20190125,0.008474,2664.76,0.008489
20190128,-0.007767,2643.85,-0.007847
20190129,-0.001588,2640.00,-0.001456
20190130,0.015589,2681.05,0.015549
20190131,0.009047,2704.10,0.008597
20190201,0.000532,2706.53,0.000899
20190204,0.006822,2724.87,0.006776
20190205,0.004871,2737.70,0.004708
20190206,-0.002180,2731.61,-0.002224
20190207,-0.009075,2706.05,-0.009357
20190208,0.000911,2707.88,0.000676
20190211,0.000711,2709.80,0.000709
20190212,0.013018,2744.73,0.012890
20190213,0.003121,2753.03,0.003024
20190214,-0.002304,2745.73,-0.002652
20190215,0.010844,2775.60,0.010879
20190219,0.001752,2779.76,0.001499
20190220,0.001832,2784.70,0.001777
20190221,-0.003445,2774.88,-0.003526
20190222,0.006174,2792.67,0.006411
20190225,0.001318,2796.11,0.001232
20190226,-0.000786,2793.90,-0.000790
20190227,-0.000339,2792.38,-0.000544
20190228,-0.002310,2784.49,-0.002826
20190301,0.006898,2803.69,0.006895
20190304,-0.003768,2792.81,-0.003881
20190305,-0.001059,2789.65,-0.001131
20190306,-0.006534,2771.45,-0.006524
20190307,-0.008000,2748.93,-0.008126
20190308,-0.002004,2743.07,-0.002132
20190311,0.014628,2783.30,0.014666
20190312,0.002939,2791.52,0.002953
20190313,0.007003,2810.92,0.006950
20190314,-0.000529,2808.48,-0.000868
20190315,0.004991,2822.48,0.004985
20190318,0.003872,2832.94,0.003706
20190319,0.000037,2832.57,-0.000131
20190320,-0.002928,2824.23,-0.002944
20190321,0.010964,2854.88,0.010853
20190322,-0.018962,2800.71,-0.018975
20190325,-0.000717,2798.36,-0.000839
20190326,0.007090,2818.46,0.007183
20190327,-0.004685,2805.37,-0.004644
20190328,0.003732,2815.44,0.003590
20190329,0.006741,2834.40,0.006734
20190401,0.011517,2867.19,0.011569
20190402,0.000073,2867.24,0.000017
20190403,0.002156,2873.40,0.002148
20190404,0.002351,2879.39,0.002085
20190405,0.004658,2892.74,0.004636
20190408,0.001107,2895.77,0.001047
20190409,-0.005806,2878.20,-0.006067
20190410,0.003639,2888.21,0.003478
20190411,0.000029,2888.32,0.000038
20190412,0.006635,2907.41,0.006609
20190415,-0.000535,2905.58,-0.000629
20190416,0.000547,2907.06,0.000509
20190417,-0.002107,2900.45,-0.002274
20190418,0.001579,2905.03,0.001579
20190422,0.001037,2907.97,0.001012
20190423,0.008963,2933.68,0.008841
20190424,-0.002133,2927.25,-0.002192
20190425,-0.000425,2926.17,-0.000369
20190426,0.004754,2939.88,0.004685
20190429,0.001062,2943.03,0.001071
20190430,0.000885,2945.83,0.000951
20190501,-0.007579,2923.73,-0.007502
20190502,-0.002055,2917.52,-0.002124
20190503,0.009847,2945.64,0.009638
20190506,-0.004217,2932.47,-0.004471
20190507,-0.016479,2884.05,-0.016512
20190508,-0.001591,2879.42,-0.001605
20190509,-0.002655,2870.72,-0.003021
20190510,0.004079,2881.40,0.003720
20190513,-0.024222,2811.87,-0.024131
20190514,0.008204,2834.41,0.008016
20190515,0.006106,2850.96,0.005839
20190516,0.009243,2876.32,0.008895
20190517,-0.005822,2859.53,-0.005837
20190520,-0.006675,2840.23,-0.006749
20190521,0.008451,2864.36,0.008496
20190522,-0.002695,2856.27,-0.002824
20190523,-0.011892,2822.24,-0.011914
20190524,0.001547,2826.06,0.001354
20190528,-0.008258,2802.39,-0.008376
20190529,-0.006880,2783.02,-0.006912
20190530,0.002145,2788.86,0.002098
20190531,-0.013026,2752.06,-0.013195
20190603,-0.003838,2744.45,-0.002765
20190604,0.021459,2803.27,0.021432
20190605,0.008292,2826.15,0.008162
20190606,0.006412,2843.49,0.006136
20190607,0.010716,2873.34,0.010498
20190610,0.004890,2886.73,0.004660
20190611,-0.000330,2885.72,-0.000350
20190612,-0.001926,2879.84,-0.002038
20190613,0.004364,2891.64,0.004097
20190614,-0.001489,2886.98,-0.001612
20190617,0.000955,2889.67,0.000932
20190618,0.009654,2917.75,0.009717
20190619,0.002994,2926.46,0.002985
20190620,0.009615,2954.18,0.009472
20190621,-0.001173,2950.46,-0.001259
20190624,-0.001748,2945.35,-0.001732
20190625,-0.009528,2917.38,-0.009496
20190626,-0.001157,2913.78,-0.001234
20190627,0.003914,2924.92,0.003823
20190628,0.005759,2941.76,0.005757
20190701,0.007701,2964.33,0.007672
20190702,0.003009,2973.01,0.002928
20190703,0.007925,2995.82,0.007672
20190705,-0.001645,2990.41,-0.001806
20190708,-0.004766,2975.95,-0.004835
20190709,0.001610,2979.63,0.001237
20190710,0.004575,2993.07,0.004511
20190711,0.002276,2999.91,0.002285
20190712,0.004736,3013.77,0.004620
20190715,0.000259,3014.30,0.000176
20190716,-0.003349,3004.04,-0.003404
20190717,-0.006408,2984.42,-0.006531
20190718,0.003601,2995.11,0.003582
20190719,-0.006124,2976.61,-0.006177
20190722,0.002845,2985.03,0.002829
20190723,0.006862,3005.47,0.006848
20190724,0.004685,3019.56,0.004688
20190725,-0.005342,3003.67,-0.005262
20190726,0.007469,3025.86,0.007388
20190729,-0.001819,3020.97,-0.001616
20190730,-0.002500,3013.18,-0.002579
20190731,-0.010922,2980.38,-0.010886
20190801,-0.008869,2953.56,-0.008999
20190802,-0.007262,2932.05,-0.007283
20190805,-0.029815,2844.74,-0.029778
20190806,0.013058,2881.77,0.013017
20190807,0.000913,2883.98,0.000767
20190808,0.018936,2938.09,0.018762
20190809,-0.006570,2918.65,-0.006617
20190812,-0.011969,2883.09,-0.012184
20190813,0.014964,2926.32,0.014994
20190814,-0.028994,2840.60,-0.029293
20190815,0.003009,2847.60,0.002464
20190816,0.014498,2888.68,0.014426
20190819,0.012123,2923.65,0.012106
20190820,-0.007905,2900.51,-0.007915
20190821,0.008248,2924.43,0.008247
20190822,-0.000517,2922.95,-0.000506
20190823,-0.025935,2847.11,-0.025946
20190826,0.011102,2878.38,0.010983
20190827,-0.003152,2869.16,-0.003203
20190828,0.006525,2887.94,0.006545
20190829,0.012822,2924.58,0.012687
20190830,0.000769,2926.46,0.000643
20190903,-0.006681,2906.27,-0.006899
20190904,0.010909,2937.78,0.010842
20190905,0.013217,2976.00,0.013010
20190906,0.000882,2978.71,0.000911
20190909,0.000104,2978.43,-0.000094
20190910,0.000303,2979.39,0.000322
20190911,0.007254,3000.93,0.007230
20190912,0.003021,3009.57,0.002879
20190913,-0.000472,3007.39,-0.000724
20190916,-0.003194,2997.96,-0.003136
20190917,0.002621,3005.70,0.002582
20190918,0.000336,3006.73,0.000343
20190919,0.000141,3006.79,0.000020
20190920,-0.004882,2992.07,-0.004896
20190923,-0.000063,2991.78,-0.000097
20190924,-0.008351,2966.60,-0.008416
20190925,0.006205,2984.87,0.006159
20190926,-0.002448,2977.62,-0.002429
20190927,-0.005145,2961.79,-0.005316
20190930,0.005126,2976.74,0.005048
20191001,-0.012230,2940.25,-0.012258
20191002,-0.017947,2887.61,-0.017903
20191003,0.008108,2910.63,0.007972
20191004,0.014223,2952.01,0.014217
20191007,-0.004477,2938.79,-0.004478
20191008,-0.015368,2893.06,-0.015561
20191009,0.009412,2919.40,0.009105
20191010,0.006456,2938.13,0.006416
20191011,0.011091,2970.27,0.010939
20191014,-0.001421,2966.15,-0.001387
20191015,0.009907,2995.68,0.009956
20191016,-0.001846,2989.69,-0.002000
20191017,0.002889,2997.95,0.002763
20191018,-0.003943,2986.20,-0.003919
20191021,0.006919,3006.72,0.006872
20191022,-0.003536,2995.99,-0.003569
20191023,0.002861,3004.52,0.002847
20191024,0.001989,3010.29,0.001920
20191025,0.003951,3022.55,0.004073
20191028,0.005625,3039.42,0.005581
20191029,-0.000959,3036.89,-0.000832
20191030,0.003366,3046.77,0.003253
20191031,-0.002915,3037.56,-0.003023
20191101,0.009649,3066.91,0.009662
20191104,0.003707,3078.27,0.003704
20191105,-0.001142,3074.62,-0.001186
20191106,0.000823,3076.78,0.000703
20191107,0.003209,3085.18,0.002730
20191108,0.002693,3093.08,0.002561
20191111,-0.002018,3087.01,-0.001962
20191112,0.001550,3091.84,0.001565
20191113,0.000776,3094.04,0.000712
20191114,0.001042,3096.63,0.000837
20191115,0.007663,3120.46,0.007695
20191118,0.000594,3122.03,0.000503
20191119,-0.000506,3120.18,-0.000593
20191120,-0.003602,3108.46,-0.003756
20191121,-0.001557,3103.54,-0.001583
20191122,0.002199,3110.29,0.002175
20191125,0.007650,3133.64,0.007507
20191126,0.002265,3140.52,0.002196
20191127,0.004273,3153.63,0.004174
20191129,-0.003796,3140.98,-0.004011
20191202,-0.008588,3113.87,-0.008631
20191203,-0.006563,3093.20,-0.006638
20191204,0.006336,3112.76,0.006324
20191205,0.001732,3117.43,0.001500
20191206,0.009108,3145.91,0.009136
20191209,-0.003052,3135.96,-0.003163
20191210,-0.001122,3132.52,-0.001097
20191211,0.002929,3141.63,0.002908
20191212,0.008631,3168.57,0.008575
20191213,0.000214,3168.80,0.000073
20191216,0.007038,3191.45,0.007148
20191217,0.000398,3192.52,0.000335
20191218,-0.000345,3191.14,-0.000432
20191219,0.004534,3205.37,0.004459
20191220,0.004896,3221.22,0.004945
20191223,0.000897,3224.01,0.000866
20191224,-0.000132,3223.38,-0.000195
20191226,0.005385,3239.91,0.005128
20191227,0.000029,3240.02,0.000034
20191230,-0.005623,3221.29,-0.005781
20191231,0.002956,3230.78,0.002946
